isin,months,rho,half_life,rho_corrected,half_life_corrected
CA06368D3U60,28,0.8834814878908874,5.595088291129574,0.999,692.8005491785002
CA06368DPC25,13,0.040103462255809665,0.21551123143073653,0.12628118431484267,0.3349760111517968
CA06368DTH75,15,0.5569509019112348,1.1843037926715227,0.7350077489601483,2.251397152501986
CA06368DW260,26,0.6919901838706896,1.8826133282075206,0.8102967435480768,3.295134462187233
CA06368L5G77,26,0.7110459598198705,2.032581134632115,0.8315512628760094,3.7576624787231694
CA06368LB887,33,0.9103994994350003,7.383979381992458,0.999,692.8005491785002
CA06368LEY89,34,0.9533690324370526,14.515193125753905,0.999,692.8005491785002
CA06368LNK84,36,1.0167900140213486,,0.999,692.8005491785002
CA06368MRF37,16,0.5117624599688814,1.0347106393677783,0.6702179212130466,1.7322081362611892
CA06415E4E25,33,0.8613853562272431,4.64534428553845,0.9699961461872955,22.753605148512293
CA06415FFT45,21,0.8403217014544317,3.9842803815867622,0.999,692.8005491785002
CA06415GDE76,25,0.6122224620401843,1.4126845446419156,0.7256891574850064,2.161805148896526
CA06415GH297,15,0.891332706408972,6.025401283540405,0.999,692.8005491785002
CA064164QM14,32,0.8474920008433059,4.188861635805405,0.9581943759223658,16.231197376932418
CA06418MM430,24,0.4734109483341743,0.926925783642305,0.5742539835426128,1.2496264625671714
CA06418MX742,23,0.3882558344957476,0.7326434083643188,0.4823761607343233,0.9507786778940525
CA06418YXB96,18,0.800046677627137,3.107096131756032,0.9889433461205487,62.34328605354031
CA07813ZAC82,44,0.8358675081560322,3.8661714927622373,0.915585747348489,7.859590625209545
CA07813ZAL81,44,0.7530023863369771,2.4433529512369287,0.8270707308599529,3.6507358354871635
CA07813ZAP95,44,0.7036498670168168,1.9721128803326737,0.7743532670406906,2.7104956878905897
CA07813ZAT18,42,1.0014920018813767,,0.999,692.8005491785002
CA07813ZBL72,19,0.9601670842379483,17.05244542298209,0.999,692.8005491785002
CA07813ZBT09,13,0.7398003119641726,2.299949336860799,0.9874465378020586,54.868315283840964
CA07813ZBV54,18,0.8557392355468281,4.4492524968566824,0.999,692.8005491785002
CA07813ZCC64,44,0.8451554272153681,4.120119409431015,0.9255069336164159,8.953810259557349
CA07813ZCE21,44,0.8701164092346697,4.982072786313496,0.9521698007733972,14.14242683337796
CA07813ZCF95,30,0.8152826848320449,3.394113766765388,0.9301442866485827,9.57179921451289
CA07813ZCG78,44,0.8788101251353531,5.365480339988248,0.9614562700309452,17.63455260353793
CA07813ZCJ18,40,0.7457572578865482,2.362826231757116,0.8266890522280393,3.6418819025066758
CA07813ZCK80,44,0.5471873477399744,1.1495663764328994,0.6072228487222453,1.3894639396739403
CA07813ZCL63,43,0.6652731378422577,1.7007343236178751,0.734943356761485,2.250756657779157
CA07813ZCQ50,34,0.7377067138350771,2.2785233739047563,0.8322102474087604,3.7738691308266485
CA07813ZCR34,28,0.5351847341363062,1.1087812777492236,0.6282402413651962,1.4911758067114325
CA078149DW82,12,0.5397115534782505,1.123924444442529,0.7579727751811465,2.5013628413367868
CA13607H5C22,32,0.9374774571181631,10.736053582934467,0.999,692.8005491785002
CA13607HC349,23,0.7385847843533518,2.287468169289612,0.8784001910081368,5.3461719348460806
CA13607HV661,28,0.9318446910658496,9.819462172368882,0.999,692.8005491785002
CA13607HVV19,17,0.82483034157369,3.5993143708828317,0.999,692.8005491785002
CA13607L4C41,21,0.6823707795190563,1.8136568235673136,0.8274713670693977,3.6600715358054634
CA13607LF997,21,0.8450792459011505,4.117912965198836,0.999,692.8005491785002
CA13607LPY34,29,0.8806518149273103,5.453860323550247,0.999,692.8005491785002
CA13607P5X87,15,0.1618078808928255,0.3805687359756898,0.26083612373805726,0.5157871060998639
CA29251ZAD92,44,0.8825927018101409,5.549997010938975,0.9654967496608323,19.740728225661375
CA29251ZAK36,44,0.8939240782557104,6.18139472389989,0.9776007199549634,30.59718303851415
CA29251ZAQ06,34,0.8101665340840367,3.2926189726761708,0.9110635812090988,7.441785440990655
CA29251ZBK27,28,0.9244383691665641,8.822157755752006,0.999,692.8005491785002
CA29251ZBS52,44,0.7887610172311541,2.921073953899157,0.8652674502241873,4.789685789166753
CA29251ZBU09,44,0.9249266975436689,8.881857500967069,0.999,692.8005491785002
CA29251ZBW64,44,0.6831547107895584,1.8191219433624812,0.7524607137979373,2.43717074597326
CA29251ZBY21,33,0.8377644883472356,3.915681849849405,0.9442279266818328,12.078324280656172
CA29251ZBZ95,40,0.7520258104812684,2.432226512857791,0.8334277462673635,3.8041477993581387
CA29251ZCA36,35,0.8473567484478862,4.184825257184263,0.9485587554577051,13.124917462414691
CA29251ZCC91,25,0.8340427011066607,3.819609811653333,0.97412782523946,26.443134432599084
CA29251ZCD74,25,0.754851687288374,2.464663610825346,0.885433889762979,5.69659366988807
CA29251ZCG06,19,0.3858824893665746,0.7279257341732105,0.4994428824244548,0.9983941850291815
CA29251ZCH88,19,0.7903006731251383,2.945278568581694,0.9677165688817391,21.12220972939232
CA349553AP21,39,0.8523286863022472,4.338052155141367,0.9435334570434457,11.92542992602217
CA349553AQ04,44,0.6396006058088651,1.550972422684521,0.7059370107503786,1.9904908906044358
CA349553AR86,34,0.43623164699656125,0.8355379985812947,0.5041344393786108,1.0120232602885304
CA349553AS69,24,0.9064286197779627,7.055436204342377,0.999,692.8005491785002
CA349553AT43,18,0.9902074147072941,70.4357166277279,0.999,692.8005491785002
CA70632ZAF86,28,0.9058311356997186,7.008397749032958,0.999,692.8005491785002
CA70632ZAG69,18,0.27380981325333503,0.5351159281657982,0.3750003376844464,0.7066957014230656
CA70632ZAK71,37,0.9144018795187348,7.745949829280648,0.999,692.8005491785002
CA70632ZAM38,44,0.8720540168342098,5.063019566695719,0.9542395179819968,14.798008463116625
CA70632ZAQ42,44,0.929425913599137,9.470752988225383,0.999,692.8005491785002
CA70632ZAS08,44,0.9548065288578617,14.988085195393456,0.999,692.8005491785002
CA70632ZAV37,32,0.8874377676751704,5.804432125812497,0.999,692.8005491785002
CA70632ZAW10,32,0.7445324227014681,2.349660394815902,0.8455823373297308,4.132524214520591
CA70632ZAY75,27,0.8114146560324751,3.316873528817887,0.9386088770731205,10.940441453155874
CA775109BJ98,44,0.3605062331601603,0.6793921845909491,0.4078134763301712,0.7727863924656582
CA775109BK61,25,0.632194965455311,1.511582008967105,0.7480583613099483,2.387904220752018
CA775109BT70,44,0.43462495789841893,0.8318380540450006,0.48698575048240206,0.9633460914149997
CA775109BV27,44,0.4765698549652448,0.935243377298807,0.5317905268946933,1.0976104813848206
CA775109CM19,22,0.6152245738014176,1.4269101685161185,0.7445733793197927,2.3500986168933977
CA775109CP40,41,0.8574793086065634,4.508033033012852,0.944611940943629,12.164514546674766
CA775109CQ23,34,0.7303869237081183,2.2062044024190572,0.8242445934470699,3.5860857211465547
CA775109CS88,26,0.8643910572492751,4.756379472095951,0.999,692.8005491785002
CA775109CV18,35,0.7967456295298124,3.0505578597674843,0.8936095406323677,6.162055679217134
CA775109CW90,36,0.8379882774506106,3.9215988842878935,0.9355984116826059,10.412471049935737
CA775109DA61,36,0.7003328831800432,1.9459520912479653,0.7864717345561578,2.8857265713802147
CA779926DJ08,23,0.5767799771936879,1.2595933585174184,0.6954904090015602,1.9087704130414178
CA779926FY56,21,0.8805401062380477,5.44842206863319,0.999,692.8005491785002
CA779926QX54,14,0.4112431653849072,0.7800699050262557,0.5707952722531016,1.236163147667272
CA779926QY38,15,0.6204352904368449,1.4521220571412974,0.8111890151908805,3.312465037300983
CA780086RQ98,23,0.783725019887094,2.844298492106903,0.929428283350628,9.471082936728822
CA780086TM66,15,0.76243175335365,2.5554540571331192,0.9815847706910467,37.29224143936436
CA780086TY05,42,0.6612772201895158,1.6759601711043441,0.7323208311554337,2.2249304053712153
CA780086VK72,29,0.8576335915344623,4.513313986374737,0.980837066520786,35.823554758323404
CA780086VV38,21,0.900483182744376,6.612498751742768,0.999,692.8005491785002
CA780086WG51,35,0.7196882207393779,2.1072326477138708,0.8099472110884675,3.28838967793588
CA780086XL38,36,0.8941339144898197,6.194360136688731,0.9964228518084158,193.42410712694195
CA780086ZH08,39,0.8453908657133173,4.126952138229858,0.9360619579476751,10.490529840006047
CA87971MBC60,13,0.6806920628190519,1.802042699057306,0.9146979234696024,7.7740718521408025
CA87971MBG74,37,0.7256133347050054,2.161100881011475,0.8114738753567626,3.318032276317249
CA87971MBJ14,44,0.422704780952856,0.8049730170471958,0.47425283419964165,0.9291334153642357
CA87971MBL69,17,0.8659926394625056,4.817574539867554,0.999,692.8005491785002
CA87971MBN26,44,0.32502499004320423,0.6167595341981582,0.36991305754615,0.69698948805962
CA87971MBQ56,35,0.3488393441803342,0.6581695530056286,0.40731128796722,0.7717262362156337
CA87971MBS13,44,0.9759043708267625,28.41852851706312,0.999,692.8005491785002
CA87971MBV42,44,0.9966775011537776,208.27548286249186,0.999,692.8005491785002
CA87971MBX08,44,0.6793172300246372,1.7926202010747803,0.7483615866172261,2.39124276447722
CA87971MBZ55,44,0.5422582580618468,1.1325695592401412,0.6019576847478818,1.3656239297398505
CA87971MCA95,42,0.8182945578860027,3.456525782754705,0.9005536929730982,6.6174417423248455
CA87971MCB78,36,0.8176374648624442,3.4427343472217977,0.9135516980454256,7.666258843535406
CA87971MCC51,36,0.733239702481697,2.2339220674895093,0.8221207887996163,3.538849421702525
CA87971MCE18,31,0.8050726180056846,3.1968371885986575,0.9152409358772025,7.826164356339933
CA87971MCF82,31,0.908783666283936,7.246839474851641,0.999,692.8005491785002
CA87971MCG65,31,0.6866573925781927,1.8438697791282241,0.7853661725051145,2.8689248291136464
CA87971MCH49,25,0.8975189953584946,6.410847276582988,0.999,692.8005491785002
CA89116C3S44,12,0.09972664305639233,0.300672556220393,0.20799163715382374,0.4414226469341576
CA89116CDM60,30,0.7033228565141674,1.9695081059755133,0.8069884754989174,3.232270740936897
CA89116CQ341,16,0.5786442047666875,1.2670231615743945,0.7496399931604414,2.4054063587358105
CA89116CST58,23,-0.0777243569415706,,-0.0443840556730798,
CA89116CWY97,20,0.805475282012469,3.2042267296513094,0.9762965743143394,28.89453043315602
CA89117F7G86,28,0.8326223260508092,3.7840681844154416,0.9575461466991102,15.977994120231582
CA89117F7H69,32,0.5079667317746078,1.023338167239809,0.5868386128784773,1.3004504989827343
CA89117FA338,37,0.6114194714490762,1.4089158499964491,0.6880210502152175,1.8536526768446469
CA89117FJ347,43,0.4418041444223987,0.8485210521822232,0.4958835033355893,0.9882137102774744
CA89117FZ442,23,0.8624693853113481,4.684831522191115,0.999,692.8005491785002
CA89117GRJ80,44,0.8180712211367612,3.4518271318664597,0.8965760771233586,6.349122110576325
CA89117GTQ06,35,0.5250403920177307,1.0758476006610387,0.5986152827621076,1.3508055833595718
CA89117GX510,35,0.7510430037000598,2.4211165249316697,0.8439895468743507,4.086587195331898
CA89353ZAP32,12,0.9485096166700501,13.112055319157509,0.999,692.8005491785002
CA89353ZBA53,42,0.8690649432190194,4.939147125573268,0.9549505344013303,15.037121358257725
CA89353ZBE75,39,0.8400400456517851,3.976617639947952,0.930299536342948,9.593910192763712
CA89353ZBK36,44,0.5295949876514898,1.0904666068542388,0.5884310095368187,1.3070958789513398
CA89353ZCA45,37,0.7588575985496078,2.5119385592362518,0.84741362005363,4.186521624241727
CA89353ZCE66,44,0.8253357934821943,3.6108006671298005,0.9043359612196167,6.893259084992983
CA89353ZCF32,26,0.6668095243632629,1.7104151414713333,0.7822106233282548,2.8219016177216214
CA89353ZCH97,44,0.9101059727266769,7.358700853014259,0.9948859254125867,135.19029708620153
CA89353ZCJ53,15,0.3326222987961363,0.62970578914887,0.46581342522203023,0.9072962154933779
CA89353ZCK27,44,0.9166815966563256,7.967658653711228,0.999,692.8005491785002
CA89353ZCN65,42,0.8986211335550442,6.484449163422024,0.9866178811899283,51.44916791088351
CA89353ZCQ96,19,0.7950807080626631,3.02272989988704,0.9732513461778204,25.56520853275249
