signal,h,slope,t,months,share_negative
reg,1,-0.04505133561839398,-6.399571834413843,44,0.7727272727272727
reg,2,-0.07497292851571886,-5.986606658976351,43,0.8604651162790697
reg,3,-0.10246311034507231,-5.2724510791759736,42,0.8809523809523809
issuer,1,-0.025912918158616693,-3.504500759603164,44,0.7045454545454546
issuer,2,-0.04154933839905117,-2.886703991437351,43,0.6976744186046512
issuer,3,-0.05804522171433839,-2.653531956609415,42,0.7380952380952381
sector,1,-0.02655957613912052,-4.011359292642811,44,0.7272727272727273
sector,2,-0.045636085364530336,-3.6864792583426143,43,0.7674418604651163
sector,3,-0.06485373743192771,-3.6157663710832715,42,0.7619047619047619
