date,issuer,seniority,a,b,n,rmse,curve,sector
2023-01-31,Bank of Montreal,senior_bail_in,39.88710669858516,52.35771431351392,6,9.768351385434045,issuer,
2023-01-31,Bank of Nova Scotia,senior_bail_in,53.30797419629568,41.147160528236775,5,5.8149205562651645,issuer,
2023-01-31,Bell Canada,senior,0.48234042769525254,75.94353626778424,12,8.07377759168259,issuer,
2023-01-31,Brookfield Infrastructure Finance,senior,42.61610424369213,71.5073751681949,6,5.893466669211678,issuer,
2023-01-31,Canadian Imperial Bank of Commerce,senior_bail_in,50.35208412906668,47.92122384714223,7,5.419667344865791,issuer,
2023-01-31,Enbridge Inc,senior,-2.488720858771178,92.69534718257039,8,19.599173965466267,issuer,
2023-01-31,Hydro One Inc,senior,-1.927602726941962,52.92310270244594,13,10.01593390654126,issuer,
2023-01-31,National Bank of Canada,senior_bail_in,107.69118374237345,-23.068317548589135,5,33.187751879955044,issuer,
2023-01-31,Pembina Pipeline,senior,25.525794086362232,73.63793222837491,7,13.699417315917392,issuer,
2023-01-31,Rogers Communications,senior,43.85868997816836,70.18841886307959,5,8.449555275603792,issuer,
2023-01-31,Royal Bank of Canada,senior_bail_in,7.361782072708646,74.22335275784438,9,13.9686500676062,issuer,
2023-01-31,TELUS,senior,-21.28244793704775,92.56965373831531,10,5.232436634281304,issuer,
2023-01-31,Toronto-Dominion Bank,senior_bail_in,25.89203453410695,65.71267976402953,11,4.647857341980503,issuer,
2023-01-31,TransCanada PipeLines,senior,-2.60559312470113,89.85710204362962,11,14.458007857840135,issuer,
2023-02-28,Bank of Montreal,senior_bail_in,-16.958060309207124,92.2391068642486,5,1.9321398635668734,issuer,
2023-02-28,Bank of Nova Scotia,senior_bail_in,1.7503231532049284,76.92661513372302,4,3.340365605167068,issuer,
2023-02-28,Bell Canada,senior,-10.75954079291324,84.96740173521168,13,7.930196935878026,issuer,
2023-02-28,Brookfield Infrastructure Finance,senior,38.336994177266455,76.0251060934385,6,6.187595739471337,issuer,
2023-02-28,Canadian Imperial Bank of Commerce,senior_bail_in,35.44649684588201,55.193893372596776,7,5.905056938105918,issuer,
2023-02-28,Enbridge Inc,senior,-4.090303902178193,96.50072515655357,8,18.31952970089557,issuer,
2023-02-28,Hydro One Inc,senior,0.7854108228040984,54.797456386944795,13,10.778050495754655,issuer,
2023-02-28,National Bank of Canada,senior_bail_in,143.5800772346768,-60.645842297533044,4,48.926556412133415,issuer,
2023-02-28,Pembina Pipeline,senior,-32.43091851157852,110.43413423773049,6,5.27075762860863,issuer,
2023-02-28,Rogers Communications,senior,27.722452426071957,80.22509769410378,5,7.78084975285366,issuer,
2023-02-28,Royal Bank of Canada,senior_bail_in,-1.766633525399031,78.51649252534683,9,13.22057010311035,issuer,
2023-02-28,TELUS,senior,-29.623191287496905,98.4744947396928,10,4.661949354316999,issuer,
2023-02-28,Toronto-Dominion Bank,senior_bail_in,16.8959720744576,69.69161459730007,11,4.086867590200877,issuer,
2023-02-28,TransCanada PipeLines,senior,6.098167597176013,90.54073994450849,11,14.328965754437434,issuer,
2023-03-31,Bank of Montreal,senior_bail_in,-4.6633424350785955,99.89062044668394,5,2.789323316000435,issuer,
2023-03-31,Bank of Nova Scotia,senior_bail_in,7.4762888690646285,90.60607630631755,4,1.9835101160799802,issuer,
2023-03-31,Bell Canada,senior,-2.4427910865233944,87.7112570436802,13,6.0373925230116665,issuer,
2023-03-31,Brookfield Infrastructure Finance,senior,67.38033237405206,69.66042176370671,6,6.774485322901322,issuer,
2023-03-31,Canadian Imperial Bank of Commerce,senior_bail_in,49.306260411773835,63.37612787506478,6,5.747829107493413,issuer,
2023-03-31,Enbridge Inc,senior,22.359449036780067,87.78964048052778,8,17.383759014212576,issuer,
2023-03-31,Hydro One Inc,senior,3.5524157872807893,56.44349364096567,12,8.205061742055053,issuer,
2023-03-31,National Bank of Canada,senior_bail_in,154.83331787343943,-48.99624034093184,4,48.204262690859665,issuer,
2023-03-31,Pembina Pipeline,senior,-9.996363440450518,106.28108956773545,6,3.9025487775266985,issuer,
2023-03-31,Rogers Communications,senior,48.41025122480782,75.58257364903574,5,6.499046868513409,issuer,
2023-03-31,Royal Bank of Canada,senior_bail_in,20.373895953773342,79.71110930542173,9,15.53793012619185,issuer,
2023-03-31,TELUS,senior,-4.966700529991708,93.80695960159497,11,4.235165399956806,issuer,
2023-03-31,Toronto-Dominion Bank,senior_bail_in,39.74721078132217,69.98447091933954,10,4.170822682623035,issuer,
2023-03-31,TransCanada PipeLines,senior,16.954803575727457,92.07642168250479,12,11.272110490218807,issuer,
2023-04-28,Bank of Montreal,senior_bail_in,-9.757597158021307,94.92449273518842,5,3.1048872589686023,issuer,
2023-04-28,Bank of Nova Scotia,senior_bail_in,5.6051460876742345,82.45769728041388,4,3.408498759843593,issuer,
2023-04-28,Bell Canada,senior,-9.41270268705136,85.34906163097305,13,6.9205282216849735,issuer,
2023-04-28,Brookfield Infrastructure Finance,senior,43.69637816653138,77.66336988327562,6,6.0945554751415125,issuer,
2023-04-28,Canadian Imperial Bank of Commerce,senior_bail_in,12.04663925615327,82.09150233955822,5,4.189902230096382,issuer,
2023-04-28,Enbridge Inc,senior,13.947833046666851,86.09593135548654,8,20.223985120171413,issuer,
2023-04-28,Hydro One Inc,senior,1.9837206012114093,51.94714150666317,12,8.620603457151992,issuer,
2023-04-28,National Bank of Canada,senior_bail_in,155.44142752750605,-61.67905890672886,4,45.53432268784941,issuer,
2023-04-28,Pembina Pipeline,senior,-30.17258576394631,110.26100328939489,6,4.145454174363752,issuer,
2023-04-28,Rogers Communications,senior,12.793779404975702,95.35506011737675,8,9.039879635220693,issuer,
2023-04-28,Royal Bank of Canada,senior_bail_in,25.40425134196595,67.72557796382661,10,14.812232312055842,issuer,
2023-04-28,TELUS,senior,-17.8437649841162,93.9400229663929,11,5.2256067730346345,issuer,
2023-04-28,Toronto-Dominion Bank,senior_bail_in,40.66886791854991,59.92661675115324,10,4.295842256484164,issuer,
2023-04-28,TransCanada PipeLines,senior,9.272160035044163,89.74677036653978,12,12.750051350046977,issuer,
2023-05-31,Bank of Montreal,senior_bail_in,17.73745751183133,85.48985492349205,6,1.3154055210210673,issuer,
2023-05-31,Bank of Nova Scotia,senior_bail_in,54.47519509761165,56.59674378132607,4,2.1223567661937306,issuer,
2023-05-31,Bell Canada,senior,16.797399932813,72.20274708911998,13,7.668840886024539,issuer,
2023-05-31,Brookfield Infrastructure Finance,senior,38.790683002578426,81.37681339995125,6,7.815177864401881,issuer,
2023-05-31,Canadian Imperial Bank of Commerce,senior_bail_in,32.735745866430086,76.71539124254275,5,1.7706451220437616,issuer,
2023-05-31,Enbridge Inc,senior,10.741234972036482,88.90268231050864,10,19.75514623252223,issuer,
2023-05-31,Hydro One Inc,senior,8.795949031127472,49.500401572072356,12,7.841895507059794,issuer,
2023-05-31,National Bank of Canada,senior_bail_in,145.40152934198764,-46.385523035288436,4,57.5750763711148,issuer,
2023-05-31,Pembina Pipeline,senior,-5.136186801686273,98.5910509915695,6,5.3990401910327845,issuer,
2023-05-31,Rogers Communications,senior,23.68494834495682,90.50211647659113,8,9.205541501354263,issuer,
2023-05-31,Royal Bank of Canada,senior_bail_in,15.792148157982279,83.10906889028365,9,11.921693167221104,issuer,
2023-05-31,TELUS,senior,-0.25443280099987353,86.20203399527718,11,5.422317831181345,issuer,
2023-05-31,Toronto-Dominion Bank,senior_bail_in,47.27404965766094,61.684468078275195,10,3.129309027538345,issuer,
2023-05-31,TransCanada PipeLines,senior,25.29622001790169,81.32617319891422,12,14.154753634416085,issuer,
2023-06-30,Bank of Montreal,senior_bail_in,13.671331561828463,81.55136994801131,6,2.5045599935706306,issuer,
2023-06-30,Bank of Nova Scotia,senior_bail_in,69.28252669828176,37.495946835167956,5,5.799336790857,issuer,
2023-06-30,Bell Canada,senior,10.126057013135949,74.22695844795632,13,9.017476844598521,issuer,
2023-06-30,Brookfield Infrastructure Finance,senior,27.2453281571426,85.96934793359274,6,8.39818625345362,issuer,
2023-06-30,Canadian Imperial Bank of Commerce,senior_bail_in,40.64919986062874,61.78650090558564,5,1.7955641936110265,issuer,
2023-06-30,Enbridge Inc,senior,-28.95673123530966,106.49011715407586,9,19.422102297002475,issuer,
2023-06-30,Hydro One Inc,senior,-7.650850462447047,56.05341377565216,11,10.323267184100626,issuer,
2023-06-30,National Bank of Canada,senior_bail_in,-8.75822317049011,86.36042497303866,5,55.19358342697371,issuer,
2023-06-30,Pembina Pipeline,senior,-32.37362592312134,112.10335044064026,6,7.447835841361889,issuer,
2023-06-30,Rogers Communications,senior,23.250435313457682,87.7518230844274,8,7.034880614153517,issuer,
2023-06-30,Royal Bank of Canada,senior_bail_in,11.635008394962385,80.88050294284282,11,10.551105261002066,issuer,
2023-06-30,TELUS,senior,-8.27704695334418,89.66414241549442,11,7.050567248657785,issuer,
2023-06-30,Toronto-Dominion Bank,senior_bail_in,41.49778293020936,59.56292191666828,10,3.3532154041350113,issuer,
2023-06-30,TransCanada PipeLines,senior,14.386574501903707,86.88684667017358,12,15.71104945087179,issuer,
2023-07-31,Bank of Montreal,senior_bail_in,8.16423045732934,77.60725405687941,6,1.0414088327234292,issuer,
2023-07-31,Bank of Nova Scotia,senior_bail_in,66.14427296817183,34.00569138713505,5,4.476120161855903,issuer,
2023-07-31,Bell Canada,senior,8.617297453101404,72.40017974681399,13,10.236298902669555,issuer,
2023-07-31,Brookfield Infrastructure Finance,senior,9.483228427932698,90.71201225515189,7,7.85767608119424,issuer,
2023-07-31,Canadian Imperial Bank of Commerce,senior_bail_in,30.306969435576494,64.39578017305354,6,4.400955130812414,issuer,
2023-07-31,Enbridge Inc,senior,-33.94691808850599,106.12703876299122,9,19.269478648564178,issuer,
2023-07-31,Hydro One Inc,senior,-10.9841116254727,54.026336773206616,11,10.663286753628416,issuer,
2023-07-31,National Bank of Canada,senior_bail_in,-3.103806418016767,73.86033197474435,5,60.74724071750141,issuer,
2023-07-31,Pembina Pipeline,senior,-34.4799436989148,108.95864193221134,6,8.063707594880047,issuer,
2023-07-31,Rogers Communications,senior,16.976500120880967,87.70602099263579,8,7.615733645184477,issuer,
2023-07-31,Royal Bank of Canada,senior_bail_in,19.635617340049212,69.24310978694204,11,9.56770114794508,issuer,
2023-07-31,TELUS,senior,-14.495307675168469,90.44820785675873,11,8.198078993400825,issuer,
2023-07-31,Toronto-Dominion Bank,senior_bail_in,48.68944884357423,47.11603203092773,11,3.761069097294014,issuer,
2023-07-31,TransCanada PipeLines,senior,10.412860890879736,85.27199919548525,11,18.885001012841037,issuer,
2023-08-31,Bank of Montreal,senior_bail_in,1.501578525106936,91.36978114921891,6,0.7161394889732249,issuer,
2023-08-31,Bank of Nova Scotia,senior_bail_in,66.28409076074253,39.041235713128174,5,4.266755653888569,issuer,
2023-08-31,Bell Canada,senior,13.534145310394761,73.43646605542746,13,10.564082383795524,issuer,
2023-08-31,Brookfield Infrastructure Finance,senior,24.699697753791387,85.07958200533847,7,6.593651511787361,issuer,
2023-08-31,Canadian Imperial Bank of Commerce,senior_bail_in,12.548847235077465,84.66224619660079,6,3.4563783377249235,issuer,
2023-08-31,Enbridge Inc,senior,-14.195232173896546,99.52508849617891,9,19.268953937981617,issuer,
2023-08-31,Hydro One Inc,senior,-11.774569417084477,57.42815717213647,11,8.772894690362763,issuer,
2023-08-31,National Bank of Canada,senior_bail_in,-6.577841922634866,82.32582033343317,5,66.03330621309108,issuer,
2023-08-31,Pembina Pipeline,senior,-24.71371472814087,107.86059017402768,6,5.197750761641345,issuer,
2023-08-31,Rogers Communications,senior,24.58997462248896,87.90285275986044,8,5.673678950640497,issuer,
2023-08-31,Royal Bank of Canada,senior_bail_in,17.59521904344762,76.02784305693662,11,11.463411096998865,issuer,
2023-08-31,TELUS,senior,-8.057041014132203,92.15379198505354,11,5.728996607813148,issuer,
2023-08-31,Toronto-Dominion Bank,senior_bail_in,44.578086375787876,57.13190734007468,11,4.846028771664213,issuer,
2023-08-31,TransCanada PipeLines,senior,12.737332472096421,88.08020642179896,11,14.04415035803533,issuer,
2023-09-29,Bank of Montreal,senior_bail_in,-7.2544049992367565,102.40841123206087,6,2.6675960216555925,issuer,
2023-09-29,Bank of Nova Scotia,senior_bail_in,57.11904438444371,50.31239376622652,5,5.693561231926784,issuer,
2023-09-29,Bell Canada,senior,14.692401264625268,75.40000873982078,13,9.70170457846802,issuer,
2023-09-29,Brookfield Infrastructure Finance,senior,32.8991909911722,82.5635953039569,7,5.306822520979294,issuer,
2023-09-29,Canadian Imperial Bank of Commerce,senior_bail_in,6.293505633078163,93.42245096831134,6,4.239327926856016,issuer,
2023-09-29,Enbridge Inc,senior,1.0176358189291488,94.26431504858968,9,18.67160389995561,issuer,
2023-09-29,Hydro One Inc,senior,-12.105104014527695,59.851584837458724,11,10.16736735762692,issuer,
2023-09-29,National Bank of Canada,senior_bail_in,-10.608374684836786,86.48018165101432,5,73.79771043619284,issuer,
2023-09-29,Pembina Pipeline,senior,-9.902793750148204,102.33812936914681,6,3.854647507777221,issuer,
2023-09-29,Rogers Communications,senior,28.261837484068902,86.3145004654732,12,5.057630977781721,issuer,
2023-09-29,Royal Bank of Canada,senior_bail_in,16.15244886856144,79.92938329884711,11,12.016977840268048,issuer,
2023-09-29,TELUS,senior,-3.855643588761857,92.78985181885209,13,5.899065941568408,issuer,
2023-09-29,Toronto-Dominion Bank,senior_bail_in,26.89341479287686,73.27497008605415,11,4.518451039933084,issuer,
2023-09-29,TransCanada PipeLines,senior,19.767749606523928,86.86157676500989,11,14.044844011108456,issuer,
2023-10-31,Bank of Montreal,senior_bail_in,8.20845774883325,93.21673729186371,6,1.4580094245077768,issuer,
2023-10-31,Bank of Nova Scotia,senior_bail_in,79.40901782947823,32.72524885296679,5,4.9740583416784485,issuer,
2023-10-31,Bell Canada,senior,17.010593078447172,76.6486735382523,13,9.889635691928188,issuer,
2023-10-31,Brookfield Infrastructure Finance,senior,26.383638654320528,89.10341985292962,7,5.630397756734229,issuer,
2023-10-31,Canadian Imperial Bank of Commerce,senior_bail_in,19.844313902699213,85.45493347289477,6,4.26250014049136,issuer,
2023-10-31,Enbridge Inc,senior,-8.866718654767977,103.18638437789465,9,18.659716751271098,issuer,
2023-10-31,Hydro One Inc,senior,-2.8434736690922198,56.772592209426875,11,9.834424765727508,issuer,
2023-10-31,National Bank of Canada,senior_bail_in,5.205792799518501,77.27380708165828,5,75.37032139536471,issuer,
2023-10-31,Pembina Pipeline,senior,-8.505144948782746,105.56015050004608,6,6.017002321217306,issuer,
2023-10-31,Rogers Communications,senior,25.048930207653296,90.83766139774282,12,4.415926609823596,issuer,
2023-10-31,Royal Bank of Canada,senior_bail_in,8.229230882030297,88.42362830937464,10,8.370024921321782,issuer,
2023-10-31,TELUS,senior,0.934619964488362,93.50824757155424,13,5.545330238598317,issuer,
2023-10-31,Toronto-Dominion Bank,senior_bail_in,39.3425119212458,66.57796232401564,11,6.102420962957256,issuer,
2023-10-31,TransCanada PipeLines,senior,29.21639488490971,85.38161990570846,11,16.02626478182409,issuer,
2023-11-30,Bank of Montreal,senior_bail_in,-27.213400504049126,106.25339618110226,6,2.7094076495038606,issuer,
2023-11-30,Bank of Nova Scotia,senior_bail_in,76.89836527113123,15.407468856725702,5,7.395943792082167,issuer,
2023-11-30,Bell Canada,senior,-12.074601663191276,80.00482896621494,14,11.706916603218417,issuer,
2023-11-30,Brookfield Infrastructure Finance,senior,23.77624796811215,82.98326829644215,7,6.086721898410509,issuer,
2023-11-30,Canadian Imperial Bank of Commerce,senior_bail_in,-15.691583263969939,99.98801270795603,6,5.81657545613912,issuer,
2023-11-30,Enbridge Inc,senior,-3.6912206003886774,88.27191243160016,10,18.082775924409844,issuer,
2023-11-30,Hydro One Inc,senior,-14.051228531876449,54.468820295232206,11,9.957930900248003,issuer,
2023-11-30,National Bank of Canada,senior_bail_in,-126.48902967149694,171.91760681207964,4,66.16126269461925,issuer,
2023-11-30,Pembina Pipeline,senior,-29.19990339642005,107.8082422219331,6,3.019952951315645,issuer,
2023-11-30,Rogers Communications,senior,2.6700536418796323,88.66808607781549,12,4.114357100760976,issuer,
2023-11-30,Royal Bank of Canada,senior_bail_in,-6.015347395188743,85.28038631442566,10,7.660769890789533,issuer,
2023-11-30,TELUS,senior,-19.262968871534873,92.52666409240493,13,5.02750836436605,issuer,
2023-11-30,Toronto-Dominion Bank,senior_bail_in,21.72410888127995,65.68816397514543,11,7.880533346203871,issuer,
2023-11-30,TransCanada PipeLines,senior,23.18437388652553,77.27809311997053,11,17.431276758727233,issuer,
2023-12-29,Bank of Montreal,senior_bail_in,-44.60394422121321,103.10272577017572,7,2.0769117674430833,issuer,
2023-12-29,Bank of Nova Scotia,senior_bail_in,66.90634855222837,4.339802453334659,5,8.472500810134303,issuer,
2023-12-29,Bell Canada,senior,-29.855833820175587,79.06209311911105,14,11.481135749132662,issuer,
2023-12-29,Brookfield Infrastructure Finance,senior,-0.37647931527326123,84.46631211459618,7,7.800306905840817,issuer,
2023-12-29,Canadian Imperial Bank of Commerce,senior_bail_in,-17.231751263230546,83.2484342423484,7,9.126251195872666,issuer,
2023-12-29,Enbridge Inc,senior,-30.757358440429883,93.48275600141415,10,18.996711172727313,issuer,
2023-12-29,Hydro One Inc,senior,-23.273743855999818,51.72964253881438,11,10.790782564082363,issuer,
2023-12-29,National Bank of Canada,senior_bail_in,-100.4999790445263,141.4549530576094,6,39.57907608706903,issuer,
2023-12-29,Pembina Pipeline,senior,-57.227913313528155,112.81000851845238,6,5.763191648942065,issuer,
2023-12-29,Rogers Communications,senior,-19.307001489911784,87.53650835231078,12,6.281270015774838,issuer,
2023-12-29,Royal Bank of Canada,senior_bail_in,-21.950574784027047,78.06658540772047,10,10.917358457092794,issuer,
2023-12-29,TELUS,senior,-35.82813847797438,89.87901323417229,13,6.771964376730264,issuer,
2023-12-29,Toronto-Dominion Bank,senior_bail_in,5.395018648300751,61.77161939833538,10,7.826562350475124,issuer,
2023-12-29,TransCanada PipeLines,senior,4.793946368207895,76.46950364988915,11,20.35182119191554,issuer,
2024-01-31,Bank of Montreal,senior_bail_in,-12.825071426970569,78.31141961283774,7,3.5249038738958496,issuer,
2024-01-31,Bank of Nova Scotia,senior_bail_in,27.008435588598072,46.340247605498,5,17.820420290884172,issuer,
2024-01-31,Bell Canada,senior,-7.567170536028755,66.34782061359614,14,11.570871223070634,issuer,
2024-01-31,Brookfield Infrastructure Finance,senior,-14.241195620364005,89.21290882151919,7,8.956176851960542,issuer,
2024-01-31,Canadian Imperial Bank of Commerce,senior_bail_in,4.75378726667895,67.24720646307654,6,9.292658089871031,issuer,
2024-01-31,Enbridge Inc,senior,-36.13326388813443,94.93105532863652,10,21.144133289602124,issuer,
2024-01-31,Hydro One Inc,senior,-6.197508980781701,42.84026772301509,12,14.328056027734087,issuer,
2024-01-31,National Bank of Canada,senior_bail_in,-68.23569015451082,116.83133161191608,6,45.025293440056366,issuer,
2024-01-31,Pembina Pipeline,senior,-34.67664670959979,95.24312886742926,8,7.3569723788446755,issuer,
2024-01-31,Rogers Communications,senior,6.257363443528121,70.974786212957,12,4.876973493383296,issuer,
2024-01-31,Royal Bank of Canada,senior_bail_in,19.133453764571684,48.45162368358666,10,8.50311528898683,issuer,
2024-01-31,TELUS,senior,-8.486912318385302,72.73004025903185,13,7.406517851403481,issuer,
2024-01-31,Toronto-Dominion Bank,senior_bail_in,28.62513474516867,41.60415742785654,10,8.223602996940908,issuer,
2024-01-31,TransCanada PipeLines,senior,33.26619981331645,59.478917257286795,11,23.683880403880398,issuer,
2024-02-29,Bank of Montreal,senior_bail_in,-20.617220208242223,79.42302836166012,7,3.1295185062289987,issuer,
2024-02-29,Bank of Nova Scotia,senior_bail_in,11.845471809485897,52.669186542351774,5,19.062004193374932,issuer,
2024-02-29,Bell Canada,senior,-9.06919533181599,66.15100867503463,14,11.377920341489395,issuer,
2024-02-29,Brookfield Infrastructure Finance,senior,-22.385622678528733,88.35821361422403,7,7.27372384844036,issuer,
2024-02-29,Canadian Imperial Bank of Commerce,senior_bail_in,-12.080482174597746,74.95847506658515,6,8.708824025439847,issuer,
2024-02-29,Enbridge Inc,senior,-26.682492794796815,86.2246758466697,10,24.598404421189173,issuer,
2024-02-29,Hydro One Inc,senior,-5.115182256086956,41.61293631757265,11,12.438026419954133,issuer,
2024-02-29,National Bank of Canada,senior_bail_in,-84.0311055120578,124.19951795519795,6,48.49453871582729,issuer,
2024-02-29,Pembina Pipeline,senior,-30.0690345462655,89.3077695371621,8,6.843700356120072,issuer,
2024-02-29,Rogers Communications,senior,4.084355164076082,68.86282483360193,12,4.542462729797836,issuer,
2024-02-29,Royal Bank of Canada,senior_bail_in,8.37045250893321,51.04242776013753,10,8.673658439861473,issuer,
2024-02-29,TELUS,senior,-8.267357173071035,70.70663441754193,16,7.162523864396883,issuer,
2024-02-29,Toronto-Dominion Bank,senior_bail_in,15.691648639822622,45.12729360098917,10,10.089463558277517,issuer,
2024-02-29,TransCanada PipeLines,senior,-9.341887566371888,80.0229440307514,10,19.29815981544141,issuer,
2024-03-29,Bank of Montreal,senior_bail_in,-27.812573205046252,79.69477409229076,6,3.5321783626424876,issuer,
2024-03-29,Bank of Nova Scotia,senior_bail_in,5.4134379580578305,52.65458096756632,5,15.749974247589545,issuer,
2024-03-29,Bell Canada,senior,-17.35253072495966,70.49117179989074,13,10.883525577946164,issuer,
2024-03-29,Brookfield Infrastructure Finance,senior,-29.789864498097263,90.17682550654084,7,7.418495482694674,issuer,
2024-03-29,Canadian Imperial Bank of Commerce,senior_bail_in,-39.37433673615006,91.19912547203037,7,8.873866056131131,issuer,
2024-03-29,Enbridge Inc,senior,-28.95647748683556,86.57128312770215,10,24.262457453047872,issuer,
2024-03-29,Hydro One Inc,senior,-15.184817562982726,46.19902211929266,11,12.069172009215904,issuer,
2024-03-29,National Bank of Canada,senior_bail_in,-71.47055070479662,110.18110118036867,7,45.03984216471688,issuer,
2024-03-29,Pembina Pipeline,senior,-33.251307516202345,89.27030651088295,8,7.507220388228321,issuer,
2024-03-29,Rogers Communications,senior,8.24033653673328,65.16715700234265,12,3.886079973123314,issuer,
2024-03-29,Royal Bank of Canada,senior_bail_in,-0.259446225945777,50.41248318341898,10,9.228439006819805,issuer,
2024-03-29,TELUS,senior,-11.931824137874939,72.11097067028763,15,6.491289330918587,issuer,
2024-03-29,Toronto-Dominion Bank,senior_bail_in,19.151779283865377,35.35978614892253,11,9.740693805121415,issuer,
2024-03-29,TransCanada PipeLines,senior,-11.18940031564193,79.81949936839416,10,19.420004642606372,issuer,
2024-04-30,Bank of Montreal,senior_bail_in,-4.319306221414968,62.49236917856247,6,4.283079268692712,issuer,
2024-04-30,Bank of Nova Scotia,senior_bail_in,23.29336429857406,40.3073313653516,5,16.220164214200647,issuer,
2024-04-30,Bell Canada,senior,-11.040675755632675,68.07357693468677,13,10.793635703814788,issuer,
2024-04-30,Brookfield Infrastructure Finance,senior,-36.46582688183411,91.46990859152793,7,7.410143083340523,issuer,
2024-04-30,Canadian Imperial Bank of Commerce,senior_bail_in,-20.543600080697114,77.38604701483419,7,9.328877058264116,issuer,
2024-04-30,Enbridge Inc,senior,-27.88618736652021,84.94915564452558,10,25.159043567583844,issuer,
2024-04-30,Hydro One Inc,senior,-16.02241213867199,47.57239198049576,11,11.777585054597731,issuer,
2024-04-30,National Bank of Canada,senior_bail_in,-63.71314035276957,104.99079431923612,7,51.081038397281866,issuer,
2024-04-30,Pembina Pipeline,senior,-29.10018965650518,84.5683194393556,8,9.47502612602578,issuer,
2024-04-30,Rogers Communications,senior,12.713294017625316,62.174316096983574,12,5.190851978020385,issuer,
2024-04-30,Royal Bank of Canada,senior_bail_in,11.074916938595798,43.84873636695614,10,9.069530003982672,issuer,
2024-04-30,TELUS,senior,-5.455657320659822,68.90996624236986,15,6.952810097922542,issuer,
2024-04-30,Toronto-Dominion Bank,senior_bail_in,27.912200738103834,29.158202046714184,11,9.659192911693514,issuer,
2024-04-30,TransCanada PipeLines,senior,-7.774289938148206,73.85339524815822,10,19.100523283738223,issuer,
2024-05-31,Bank of Montreal,senior_bail_in,-15.630139910495593,70.51746204158263,5,4.1602974932577625,issuer,
2024-05-31,Bank of Nova Scotia,senior_bail_in,-0.51584163566036,57.01169224596555,4,17.463105451687724,issuer,
2024-05-31,Bell Canada,senior,-12.851435140718843,71.37148167593536,14,10.979129211145404,issuer,
2024-05-31,Brookfield Infrastructure Finance,senior,-30.135598808149354,89.10965046332983,7,8.418202803923352,issuer,
2024-05-31,Canadian Imperial Bank of Commerce,senior_bail_in,-14.883940430053299,71.53428194481171,7,9.522889080547712,issuer,
2024-05-31,Enbridge Inc,senior,-21.295848911234575,80.43709606386015,10,18.8307492059591,issuer,
2024-05-31,Hydro One Inc,senior,-9.65879929645256,46.18289456808783,12,10.398246435626207,issuer,
2024-05-31,National Bank of Canada,senior_bail_in,-57.41216830945393,99.7471205375779,7,49.63814166513752,issuer,
2024-05-31,Pembina Pipeline,senior,-26.084009674876448,85.02522488030434,8,9.671171524680249,issuer,
2024-05-31,Rogers Communications,senior,14.943961180588373,62.05983571341668,12,5.460620463581909,issuer,
2024-05-31,Royal Bank of Canada,senior_bail_in,17.08734036801558,37.73143237794453,9,9.751659071401818,issuer,
2024-05-31,TELUS,senior,-5.203004155785927,70.16685168088307,15,6.869771258797726,issuer,
2024-05-31,Toronto-Dominion Bank,senior_bail_in,28.922825374218682,28.164058456048263,11,10.62750623342761,issuer,
2024-05-31,TransCanada PipeLines,senior,-10.506784420610074,71.22709437135752,9,23.793416378481783,issuer,
2024-06-28,Bank of Montreal,senior_bail_in,-15.179352512294752,72.07678250734136,5,2.733873596460909,issuer,
2024-06-28,Bank of Nova Scotia,senior_bail_in,0.8426564391636902,56.61680329832618,4,19.29569615838824,issuer,
2024-06-28,Bell Canada,senior,-11.983627593195388,71.22784278314563,14,10.373922709984797,issuer,
2024-06-28,Brookfield Infrastructure Finance,senior,-27.13335720123945,87.65796173207782,7,8.338159227562285,issuer,
2024-06-28,Canadian Imperial Bank of Commerce,senior_bail_in,-22.484075091925266,81.6446441132347,7,10.90740417294347,issuer,
2024-06-28,Enbridge Inc,senior,-17.391517553377778,77.97054709770349,10,16.99066690841138,issuer,
2024-06-28,Hydro One Inc,senior,-10.525134168110835,46.54829978485524,12,10.074673380820132,issuer,
2024-06-28,National Bank of Canada,senior_bail_in,-72.78470242200649,113.17875800558993,6,50.76381787527182,issuer,
2024-06-28,Pembina Pipeline,senior,-26.009036303130127,86.8349152119973,9,7.904092421238712,issuer,
2024-06-28,Rogers Communications,senior,14.68847384131264,62.3662966396194,12,5.104162294505092,issuer,
2024-06-28,Royal Bank of Canada,senior_bail_in,5.064772817918001,47.22355828317517,8,8.343798127526128,issuer,
2024-06-28,TELUS,senior,-3.0634461340863366,69.41265744570514,15,6.364165638504831,issuer,
2024-06-28,Toronto-Dominion Bank,senior_bail_in,29.851056739465157,29.368691504119166,11,11.070665324021249,issuer,
2024-06-28,TransCanada PipeLines,senior,-15.266688134872327,73.94567579986001,9,22.216578584611963,issuer,
2024-07-31,Bank of Montreal,senior_bail_in,-12.984473070359293,68.51879686055106,6,4.8978274873818615,issuer,
2024-07-31,Bank of Nova Scotia,senior_bail_in,12.415519577887165,45.455455705221475,4,15.465120416749397,issuer,
2024-07-31,Bell Canada,senior,-1.9057148690064751,63.205971818688006,14,10.486764040052039,issuer,
2024-07-31,Brookfield Infrastructure Finance,senior,-20.916710511135232,81.45752035945623,7,10.013556593972156,issuer,
2024-07-31,Canadian Imperial Bank of Commerce,senior_bail_in,-10.16328670841302,68.95247207046577,6,8.36103675508879,issuer,
2024-07-31,Enbridge Inc,senior,-11.904237810866471,71.41894242626414,10,16.788625361610922,issuer,
2024-07-31,Hydro One Inc,senior,-4.5833961833886985,40.22322775594611,12,9.837193482200856,issuer,
2024-07-31,National Bank of Canada,senior_bail_in,-43.50149161311552,87.49632641961152,6,41.140846872714825,issuer,
2024-07-31,Pembina Pipeline,senior,-17.313622701678604,78.8524977772182,9,9.952667129363531,issuer,
2024-07-31,Rogers Communications,senior,20.75575232125867,57.07505384551681,12,5.056230766030931,issuer,
2024-07-31,Royal Bank of Canada,senior_bail_in,6.660725116671292,42.9209174296127,8,8.404374506135179,issuer,
2024-07-31,TELUS,senior,-13.288285166594104,72.34923303902042,14,5.843924228969199,issuer,
2024-07-31,Toronto-Dominion Bank,senior_bail_in,18.204440838833786,33.99867566637203,10,9.615172496782362,issuer,
2024-07-31,TransCanada PipeLines,senior,-5.3583135419489425,67.12708766370478,9,23.359046656147118,issuer,
2024-08-30,Bank of Montreal,senior_bail_in,-0.7128485266145307,62.08865105807377,6,4.388318888182088,issuer,
2024-08-30,Bank of Nova Scotia,senior_bail_in,16.77031420472752,43.67302877043489,4,15.842241280418543,issuer,
2024-08-30,Bell Canada,senior,-7.687376098280015,68.87686528608141,14,10.256368930497764,issuer,
2024-08-30,Brookfield Infrastructure Finance,senior,-12.164320633870728,79.00749824892891,7,7.230863642212289,issuer,
2024-08-30,Canadian Imperial Bank of Commerce,senior_bail_in,37.226236444643895,28.23514019229329,6,1.5787178735396445,issuer,
2024-08-30,Enbridge Inc,senior,-6.894420917127549,70.90479583537568,12,14.104033753001104,issuer,
2024-08-30,Hydro One Inc,senior,-13.059785707566549,46.89816739775923,13,10.45396179720422,issuer,
2024-08-30,National Bank of Canada,senior_bail_in,31.568667809615473,35.44211243738217,5,4.488853894338897,issuer,
2024-08-30,Pembina Pipeline,senior,-28.17331675217869,86.80468513943343,8,3.5820974774057404,issuer,
2024-08-30,Rogers Communications,senior,27.01647776484528,55.93456572474871,12,4.1567530821764755,issuer,
2024-08-30,Royal Bank of Canada,senior_bail_in,12.413977470980885,40.57852806149559,8,8.038678728002832,issuer,
2024-08-30,TELUS,senior,-11.653372493403758,74.56340087337186,15,6.604156668406568,issuer,
2024-08-30,Toronto-Dominion Bank,senior_bail_in,21.53301883517023,34.18778269798363,10,10.190029628559437,issuer,
2024-08-30,TransCanada PipeLines,senior,-2.657469587155865,67.01653867455938,9,21.583397649323203,issuer,
2024-09-30,Bank of Montreal,senior_bail_in,-1.5442076847090491,53.51542087840224,6,4.024951562048009,issuer,
2024-09-30,Bank of Nova Scotia,senior_bail_in,10.63208720158108,38.27706284885982,5,12.995667907635326,issuer,
2024-09-30,Bell Canada,senior,-4.169114721075054,60.120682233408694,14,9.995591947147005,issuer,
2024-09-30,Brookfield Infrastructure Finance,senior,-9.013144467918481,70.90250320459155,7,5.60144978024913,issuer,
2024-09-30,Canadian Imperial Bank of Commerce,senior_bail_in,32.88332179531936,21.694570042554602,6,0.7767066857335477,issuer,
2024-09-30,Enbridge Inc,senior,-5.329366131670061,64.06711072902982,12,14.172911521138683,issuer,
2024-09-30,Fortis Inc,senior,-25.5754570827859,68.4144517030751,4,11.630192589385071,issuer,
2024-09-30,Hydro One Inc,senior,-15.185447847343234,43.61513276871215,13,10.043979604335936,issuer,
2024-09-30,National Bank of Canada,senior_bail_in,28.299001690197386,27.051334017967687,5,4.073746536420128,issuer,
2024-09-30,Pembina Pipeline,senior,-28.15005527858464,80.19947617314233,8,5.2059628751628315,issuer,
2024-09-30,Rogers Communications,senior,21.27670482774726,55.76823566667353,11,3.98191622201026,issuer,
2024-09-30,Royal Bank of Canada,senior_bail_in,8.289406335915078,35.58909590436282,8,7.596257702385787,issuer,
2024-09-30,TELUS,senior,-9.357713221666925,67.57120801787244,15,6.016510776515577,issuer,
2024-09-30,Toronto-Dominion Bank,senior_bail_in,21.103483639364796,25.774570353269066,10,7.62939032308315,issuer,
2024-09-30,TransCanada PipeLines,senior,-5.1128201436738,62.55332949381581,9,21.84077395881215,issuer,
2024-10-31,Bank of Montreal,senior_bail_in,18.675177641089885,40.06481010733364,6,3.3238676945827157,issuer,
2024-10-31,Bank of Nova Scotia,senior_bail_in,28.04140597210828,24.024560437707297,6,12.094181546428418,issuer,
2024-10-31,Bell Canada,senior,0.6552209539250298,56.04575408700097,14,11.027398273973741,issuer,
2024-10-31,Brookfield Infrastructure Finance,senior,-5.027577337340611,67.16231912232881,7,6.791533044880437,issuer,
2024-10-31,Canadian Imperial Bank of Commerce,senior_bail_in,18.542327267903225,40.819899240151,6,2.6675918825273603,issuer,
2024-10-31,Enbridge Inc,senior,6.4323364906599485,52.414462075222325,12,10.478270687835666,issuer,
2024-10-31,Fortis Inc,senior,-24.20063174635646,65.32909879408169,4,8.870175665984963,issuer,
2024-10-31,Hydro One Inc,senior,-13.99337602025932,42.55274664837718,13,9.404700043653772,issuer,
2024-10-31,National Bank of Canada,senior_bail_in,19.769822723190444,36.06017043975438,6,3.2797557800679233,issuer,
2024-10-31,Pembina Pipeline,senior,-17.80548838713718,71.05096197018318,8,5.500039301636297,issuer,
2024-10-31,Rogers Communications,senior,21.49323149146314,51.0024956826465,11,4.063680553246856,issuer,
2024-10-31,Royal Bank of Canada,senior_bail_in,17.572516595398408,30.86767543954823,9,6.50198619293128,issuer,
2024-10-31,TELUS,senior,-10.15631521457727,66.30201709565453,15,5.038288356955357,issuer,
2024-10-31,Toronto-Dominion Bank,senior_bail_in,5.691039824873893,45.24003453111556,11,13.876510305256984,issuer,
2024-10-31,TransCanada PipeLines,senior,17.66467236985254,47.07997255406874,9,18.431567341107172,issuer,
2024-11-29,Bank of Montreal,senior_bail_in,12.025640193831117,37.596396479554464,6,2.576870787635226,issuer,
2024-11-29,Bank of Nova Scotia,senior_bail_in,8.525786187064007,34.51032606190938,5,10.93925370611666,issuer,
2024-11-29,Bell Canada,senior,-2.229760775880589,55.54494984426907,14,10.90150031011586,issuer,
2024-11-29,Brookfield Infrastructure Finance,senior,-18.75202581398593,65.47261659176817,7,7.157397794383117,issuer,
2024-11-29,Canadian Imperial Bank of Commerce,senior_bail_in,27.970572509744873,22.620179492019112,6,1.6608266983159716,issuer,
2024-11-29,Enbridge Inc,senior,-1.3392523920461328,49.86946548036631,12,8.39407107511315,issuer,
2024-11-29,Fortis Inc,senior,-34.4675275307358,63.21967734987689,4,10.865066637469067,issuer,
2024-11-29,Hydro One Inc,senior,-18.292152403814335,38.461240791798204,13,10.006224333661624,issuer,
2024-11-29,National Bank of Canada,senior_bail_in,25.250864622049896,24.2965803209838,5,2.2840426212910248,issuer,
2024-11-29,Pembina Pipeline,senior,-22.09612798221924,63.70840870661289,8,5.451933091240926,issuer,
2024-11-29,Rogers Communications,senior,14.033502254060771,49.303195885127074,11,4.185088574896431,issuer,
2024-11-29,Royal Bank of Canada,senior_bail_in,8.891895576524279,31.3235940730201,8,6.630248624415038,issuer,
2024-11-29,TELUS,senior,-23.128820674790592,68.97860963794587,15,5.364881017031027,issuer,
2024-11-29,Toronto-Dominion Bank,senior_bail_in,20.599915635947024,22.85610049472941,11,7.886559125972584,issuer,
2024-11-29,TransCanada PipeLines,senior,15.90482157195801,43.00844027083159,9,22.43863442862531,issuer,
2024-12-31,Bank of Montreal,senior_bail_in,12.926912945561124,39.40444083613964,6,1.3204680784476746,issuer,
2024-12-31,Bank of Nova Scotia,senior_bail_in,15.70596930495,31.393302930889128,5,7.7202654531956725,issuer,
2024-12-31,Bell Canada,senior,9.242628288244738,49.14184658828388,14,10.90657748761256,issuer,
2024-12-31,Brookfield Infrastructure Finance,senior,1.9370749868255577,53.659741575781,7,6.604502923903843,issuer,
2024-12-31,Canadian Imperial Bank of Commerce,senior_bail_in,24.657915117007306,26.757917967999962,7,1.8453489155804315,issuer,
2024-12-31,Enbridge Inc,senior,12.778987948062843,41.25983082299781,12,8.632577184226035,issuer,
2024-12-31,Fortis Inc,senior,-14.836367923613912,53.46786265005815,4,9.335050786066917,issuer,
2024-12-31,Hydro One Inc,senior,-4.815435252464447,30.929526808165214,13,10.288941170704447,issuer,
2024-12-31,National Bank of Canada,senior_bail_in,21.821333956535735,28.40640015467961,4,2.4314566869627496,issuer,
2024-12-31,Pembina Pipeline,senior,-5.23556769132546,54.56484202528739,8,4.559459953091532,issuer,
2024-12-31,Rogers Communications,senior,18.522192698007974,45.07131616238318,11,3.566214487447068,issuer,
2024-12-31,Royal Bank of Canada,senior_bail_in,14.46145127309178,29.370152788503482,8,5.364971787580802,issuer,
2024-12-31,TELUS,senior,-5.271709689848141,58.65433831992546,15,4.687559886681917,issuer,
2024-12-31,Toronto-Dominion Bank,senior_bail_in,14.565855312293989,30.74729453356664,11,8.281216371280184,issuer,
2024-12-31,TransCanada PipeLines,senior,30.597822692907407,35.80007277877726,9,22.585373966388815,issuer,
2025-01-31,Bank of Montreal,senior_bail_in,19.907758417332616,35.689004146269944,6,1.289378437412647,issuer,
2025-01-31,Bank of Nova Scotia,senior_bail_in,16.558072983251527,31.210433530158603,5,10.464329482429074,issuer,
2025-01-31,Bell Canada,senior,16.587980418256116,48.68118281956584,14,10.290404406166287,issuer,
2025-01-31,Brookfield Infrastructure Finance,senior,9.161515363040854,50.92075672685387,7,5.892503859471063,issuer,
2025-01-31,Canadian Imperial Bank of Commerce,senior_bail_in,32.125870027350146,22.098918319954706,6,2.9667585613352667,issuer,
2025-01-31,Enbridge Inc,senior,18.39410498624862,41.31005616860515,12,9.240747276430536,issuer,
2025-01-31,Fortis Inc,senior,-7.627538483044597,51.12228957969596,4,8.672067448335019,issuer,
2025-01-31,Hydro One Inc,senior,2.459292044582756,28.08293941742142,13,10.71294863839125,issuer,
2025-01-31,National Bank of Canada,senior_bail_in,29.48934863002917,23.396778406383493,4,3.587044460536326,issuer,
2025-01-31,Pembina Pipeline,senior,8.825754512021005,50.42685931730047,8,4.533755497599714,issuer,
2025-01-31,Rogers Communications,senior,30.231279018095385,42.10475311659133,11,3.590982956399568,issuer,
2025-01-31,Royal Bank of Canada,senior_bail_in,19.88203294872667,25.552409380249948,7,5.14659383298901,issuer,
2025-01-31,TELUS,senior,5.483203392573619,54.89756816426942,15,4.182567636650942,issuer,
2025-01-31,Toronto-Dominion Bank,senior_bail_in,21.87202961304509,27.339593962692398,10,6.948712317662856,issuer,
2025-01-31,TransCanada PipeLines,senior,39.10142203821516,33.39620914186623,9,20.131973130725374,issuer,
2025-02-28,Bank of Montreal,senior_bail_in,31.215916230105666,30.242812385746447,6,1.1787975115624014,issuer,
2025-02-28,Bank of Nova Scotia,senior_bail_in,22.852364995246976,29.075681715734937,5,12.649454390737436,issuer,
2025-02-28,Bell Canada,senior,30.250960576382127,42.90144643707706,15,10.76247443815286,issuer,
2025-02-28,Brookfield Infrastructure Finance,senior,24.379206732951022,47.96439316815514,7,5.089578929594682,issuer,
2025-02-28,Canadian Imperial Bank of Commerce,senior_bail_in,40.86327790601577,18.582126978951596,6,3.2034291284950815,issuer,
2025-02-28,Enbridge Inc,senior,27.64266744701907,43.97956383250309,15,9.120429667177238,issuer,
2025-02-28,Fortis Inc,senior,-1.545372883837627,51.72828330055108,4,8.32328194386357,issuer,
2025-02-28,Hydro One Inc,senior,8.681648822472528,27.52101623310249,13,8.253091447396232,issuer,
2025-02-28,National Bank of Canada,senior_bail_in,37.87914802258277,21.204988509166746,4,2.6995898359273673,issuer,
2025-02-28,Pembina Pipeline,senior,28.345037285088758,46.84110264959382,8,5.614527413132783,issuer,
2025-02-28,Rogers Communications,senior,39.984759913100945,38.63949749478226,11,4.441434401582567,issuer,
2025-02-28,Royal Bank of Canada,senior_bail_in,26.467185409377855,24.224376230695324,7,6.60682794439945,issuer,
2025-02-28,TELUS,senior,15.161143656793046,51.39415689126507,15,3.328618018649884,issuer,
2025-02-28,Toronto-Dominion Bank,senior_bail_in,27.277967619047104,25.38994942173614,10,8.441545921076145,issuer,
2025-02-28,TransCanada PipeLines,senior,43.927106442189476,38.65939991964923,10,19.738613892087642,issuer,
2025-03-31,Bank of Montreal,senior_bail_in,34.28228207226241,33.20203338956302,6,1.2789298102535605,issuer,
2025-03-31,Bank of Nova Scotia,senior_bail_in,-4.010701502568086,53.10889302032103,5,10.439686814052365,issuer,
2025-03-31,Bell Canada,senior,28.99355160653235,43.13876673230266,15,11.521758417462028,issuer,
2025-03-31,Brookfield Infrastructure Finance,senior,36.14235820596362,43.89864828162162,7,5.417656947346257,issuer,
2025-03-31,Canadian Imperial Bank of Commerce,senior_bail_in,50.0242047283085,15.07276119441935,5,4.296816938395003,issuer,
2025-03-31,Enbridge Inc,senior,31.497674587654792,44.788012615735454,15,7.962565118091596,issuer,
2025-03-31,Fortis Inc,senior,-5.780839114758936,57.93387087967657,5,9.217899118080487,issuer,
2025-03-31,Hydro One Inc,senior,4.7910192159454175,31.76649143468729,14,9.648552936604586,issuer,
2025-03-31,Pembina Pipeline,senior,27.61929445046719,50.630117873441485,8,6.364354009650357,issuer,
2025-03-31,Rogers Communications,senior,40.33707720963014,41.18469561198778,9,4.611628327811487,issuer,
2025-03-31,Royal Bank of Canada,senior_bail_in,31.02872228818655,24.4505708986749,7,7.681111131939743,issuer,
2025-03-31,TELUS,senior,20.033867076275342,50.84596298465065,15,3.366894121811336,issuer,
2025-03-31,Toronto-Dominion Bank,senior_bail_in,32.52539218095449,24.87537210918644,10,10.052069893228602,issuer,
2025-03-31,TransCanada PipeLines,senior,44.90108073134126,39.61014881139358,10,20.852523543520004,issuer,
2025-04-30,Bank of Montreal,senior_bail_in,39.644612405692286,28.83169750318473,5,0.42787584220206326,issuer,
2025-04-30,Bank of Nova Scotia,senior_bail_in,1.1770096341637957,49.572129935183185,5,9.925995509678737,issuer,
2025-04-30,Bell Canada,senior,33.13580324586937,42.08396721417404,15,12.165223783159194,issuer,
2025-04-30,Brookfield Infrastructure Finance,senior,39.40887018503203,46.02087341888243,7,5.81776821360853,issuer,
2025-04-30,Canadian Imperial Bank of Commerce,senior_bail_in,52.6907781474345,12.038007729202928,5,4.275343183467619,issuer,
2025-04-30,Enbridge Inc,senior,36.274565145216386,45.588382377748594,15,9.977907647531103,issuer,
2025-04-30,Fortis Inc,senior,5.82990237883859,53.46331642867208,5,10.47659980853579,issuer,
2025-04-30,Hydro One Inc,senior,0.6933203263067702,35.212336812628685,14,10.496503329425998,issuer,
2025-04-30,Pembina Pipeline,senior,37.01044551832724,49.78898061711291,8,4.940212853948159,issuer,
2025-04-30,Rogers Communications,senior,34.1669266865768,46.108592556201515,9,5.220058884551639,issuer,
2025-04-30,Royal Bank of Canada,senior_bail_in,35.87170872592,20.627667513433206,7,7.877094844225909,issuer,
2025-04-30,TELUS,senior,19.984922724713545,51.79038181841684,15,3.4970458940974884,issuer,
2025-04-30,Toronto-Dominion Bank,senior_bail_in,35.87225590683395,22.841304710251258,10,9.560538201953396,issuer,
2025-04-30,TransCanada PipeLines,senior,55.655862545911816,35.65070032892646,9,20.882702027391876,issuer,
2025-05-30,Bank of Montreal,senior_bail_in,30.953342336250117,27.10029511617426,6,1.7504819802782505,issuer,
2025-05-30,Bank of Nova Scotia,senior_bail_in,-11.089667370260917,51.67196349227865,5,10.136228007021804,issuer,
2025-05-30,Bell Canada,senior,18.852717951606667,42.46171239892282,15,11.531030761074021,issuer,
2025-05-30,Brookfield Infrastructure Finance,senior,28.586675191236473,42.71742574465543,7,7.19085932208388,issuer,
2025-05-30,Canadian Imperial Bank of Commerce,senior_bail_in,37.511875370622555,16.136893342115652,5,4.15770916741014,issuer,
2025-05-30,Enbridge Inc,senior,22.610460876284417,43.79952595986236,15,9.2028415084129,issuer,
2025-05-30,Fortis Inc,senior,-8.765604970290854,55.263744278976375,5,8.78425307689697,issuer,
2025-05-30,Hydro One Inc,senior,-11.563701245926358,35.06753867249054,14,9.919219162403394,issuer,
2025-05-30,National Bank of Canada,senior_bail_in,20.75921666252076,32.11458658812343,4,1.682174259256003,issuer,
2025-05-30,Pembina Pipeline,senior,26.581323210989343,46.012642962759756,8,5.354733070142068,issuer,
2025-05-30,Rogers Communications,senior,24.002795764793994,42.799054386155326,9,5.116254561994915,issuer,
2025-05-30,Royal Bank of Canada,senior_bail_in,24.0550506784981,20.42772430017052,7,7.882279559084965,issuer,
2025-05-30,TELUS,senior,9.002747003663986,51.87031288845019,15,3.3549871169135073,issuer,
2025-05-30,Toronto-Dominion Bank,senior_bail_in,17.764270408373193,29.82360368520157,11,8.665028825945173,issuer,
2025-05-30,TransCanada PipeLines,senior,46.88784038424669,32.08867747730995,9,21.477636893402213,issuer,
2025-06-30,Bank of Montreal,senior_bail_in,38.649039621292076,20.55855399690769,5,3.0363709712025915,issuer,
2025-06-30,Bank of Nova Scotia,senior_bail_in,-8.723691819241008,48.60245709175732,5,10.133984467868581,issuer,
2025-06-30,Bell Canada,senior,24.21937333425615,39.15573911386418,15,12.070422851530903,issuer,
2025-06-30,Brookfield Infrastructure Finance,senior,22.435218540942998,43.93756223132162,7,8.863162759104439,issuer,
2025-06-30,Canadian Imperial Bank of Commerce,senior_bail_in,33.73420900224019,20.1172870437688,5,5.935640795299079,issuer,
2025-06-30,Enbridge Inc,senior,29.35442081974693,39.25695447629881,14,9.803369610380296,issuer,
2025-06-30,Fortis Inc,senior,-2.66218155918629,50.35288337151692,5,10.366246908273558,issuer,
2025-06-30,Hydro One Inc,senior,-19.16121005335206,37.31262628247324,14,12.723245957076353,issuer,
2025-06-30,National Bank of Canada,senior_bail_in,25.155728435194693,26.67272147617898,4,1.5644104285320783,issuer,
2025-06-30,Pembina Pipeline,senior,20.0567021934718,47.85213089234235,7,4.308917212737984,issuer,
2025-06-30,Rogers Communications,senior,31.539687689089938,37.42630744375209,9,5.630370269659654,issuer,
2025-06-30,Royal Bank of Canada,senior_bail_in,31.217612496089068,13.496389859310781,8,9.923805960003616,issuer,
2025-06-30,TELUS,senior,10.292023924532586,48.90985900845109,15,3.82617213457077,issuer,
2025-06-30,Toronto-Dominion Bank,senior_bail_in,14.336627706478698,30.52934179869137,10,9.437848398983133,issuer,
2025-06-30,TransCanada PipeLines,senior,47.843387055821125,30.697032727623746,9,22.107770656194226,issuer,
2025-07-31,Bank of Montreal,senior_bail_in,31.29841763384565,18.108506664983807,5,2.485015213121001,issuer,
2025-07-31,Bank of Nova Scotia,senior_bail_in,-15.558363135643244,46.85593802724787,5,10.461473245363667,issuer,
2025-07-31,Bell Canada,senior,12.251459955297058,39.2753295216294,15,11.951117496018755,issuer,
2025-07-31,Brookfield Infrastructure Finance,senior,13.735839525115907,42.891273799052165,7,8.697367935174233,issuer,
2025-07-31,Canadian Imperial Bank of Commerce,senior_bail_in,26.423419103211508,17.110802435684786,5,5.0206071844083775,issuer,
2025-07-31,Enbridge Inc,senior,15.469000041135146,40.12248903903502,14,9.022633640766292,issuer,
2025-07-31,Fortis Inc,senior,-10.308228142665117,50.14595053245831,5,11.098370221335955,issuer,
2025-07-31,Hydro One Inc,senior,-24.379562968802393,36.48772077633051,14,10.936986528014083,issuer,
2025-07-31,National Bank of Canada,senior_bail_in,18.890902075804657,25.048855027284333,5,0.7885492393071135,issuer,
2025-07-31,Pembina Pipeline,senior,9.449069551628096,46.58028487946461,7,4.047791105329933,issuer,
2025-07-31,Rogers Communications,senior,24.113031584918435,34.799798421578636,7,6.325917767694074,issuer,
2025-07-31,Royal Bank of Canada,senior_bail_in,19.067012975407785,16.51052100798086,8,9.961132329252653,issuer,
2025-07-31,TELUS,senior,5.437385552690687,44.416357501734865,15,3.920765530074988,issuer,
2025-07-31,Toronto-Dominion Bank,senior_bail_in,3.6793408566224444,31.014222813816748,10,9.38565621574425,issuer,
2025-07-31,TransCanada PipeLines,senior,50.78646094627436,21.72679273309017,9,25.17244468214205,issuer,
2025-08-29,Bank of Montreal,senior_bail_in,34.66910264894542,19.469284302207985,5,1.4900914615692207,issuer,
2025-08-29,Bank of Nova Scotia,senior_bail_in,-8.813328960905034,47.08671109636652,5,10.855669375452802,issuer,
2025-08-29,Bell Canada,senior,34.91195761917673,32.03505535803358,14,11.856391291700422,issuer,
2025-08-29,Brookfield Infrastructure Finance,senior,25.742958329733987,40.707199279352686,7,9.697936069264584,issuer,
2025-08-29,Canadian Imperial Bank of Commerce,senior_bail_in,31.253527467984856,18.893458986984736,5,4.573638770174607,issuer,
2025-08-29,Enbridge Inc,senior,24.80243709136739,40.54093600416284,14,8.825259116750164,issuer,
2025-08-29,Fortis Inc,senior,-0.2077535525473713,47.48537662082629,5,12.081159201548646,issuer,
2025-08-29,Hydro One Inc,senior,-18.836543071795084,39.99314307134892,16,12.180561505085757,issuer,
2025-08-29,National Bank of Canada,senior_bail_in,25.003244718924847,22.937868140446508,5,1.4626657339035958,issuer,
2025-08-29,Pembina Pipeline,senior,25.092386360310055,42.423330938458435,7,5.09179197156299,issuer,
2025-08-29,Rogers Communications,senior,39.629858352375656,30.984190598359454,7,6.444725417090743,issuer,
2025-08-29,Royal Bank of Canada,senior_bail_in,25.13929524359314,17.146081367226113,8,7.232683664370186,issuer,
2025-08-29,TELUS,senior,14.691973049762645,44.600787377961325,15,4.152183225172537,issuer,
2025-08-29,Toronto-Dominion Bank,senior_bail_in,14.262502039248872,27.76954003248301,10,8.791235474110126,issuer,
2025-08-29,TransCanada PipeLines,senior,54.04751241546386,24.86302058772418,9,24.611968550826123,issuer,
2025-09-30,Bank of Montreal,senior_bail_in,39.3346202855405,9.987463974689371,5,2.0171641158012963,issuer,
2025-09-30,Bank of Nova Scotia,senior_bail_in,0.075179609661303,35.62180702569694,5,8.480030867730827,issuer,
2025-09-30,Bell Canada,senior,21.67873561806743,36.524407256485354,13,9.043360934480505,issuer,
2025-09-30,Brookfield Infrastructure Finance,senior,23.29866038156825,39.63038969519572,9,11.249305379286586,issuer,
2025-09-30,Canadian Imperial Bank of Commerce,senior_bail_in,33.939833454679864,11.389119113054853,5,4.099045602511019,issuer,
2025-09-30,Enbridge Inc,senior,23.437644624703072,38.47352380861679,14,9.639823833031478,issuer,
2025-09-30,Fortis Inc,senior,10.694081944406053,39.25956479170879,5,10.883244249254094,issuer,
2025-09-30,Hydro One Inc,senior,-18.40593543733444,38.914179924795135,16,12.244443474935892,issuer,
2025-09-30,National Bank of Canada,senior_bail_in,28.518037559794507,15.183477565947829,4,2.543066447494635,issuer,
2025-09-30,Pembina Pipeline,senior,29.325808409516057,36.51816353929185,7,6.149361350795015,issuer,
2025-09-30,Rogers Communications,senior,40.17239484690928,27.52138287628371,7,7.928371020145038,issuer,
2025-09-30,Royal Bank of Canada,senior_bail_in,27.911047415838798,9.320579388878139,8,7.517241815802679,issuer,
2025-09-30,TELUS,senior,16.857576543061555,40.60763042979729,15,5.1852057991568135,issuer,
2025-09-30,Toronto-Dominion Bank,senior_bail_in,13.611393801388441,24.32056936826599,11,7.042615740281255,issuer,
2025-09-30,TransCanada PipeLines,senior,57.184189181724506,19.9417956331478,9,25.564655790997303,issuer,
2025-10-31,Bank of Montreal,senior_bail_in,39.291552415465034,10.679907815848537,5,2.4269584368526718,issuer,
2025-10-31,Bank of Nova Scotia,senior_bail_in,1.3789908784815805,35.54703956155163,5,8.700399313385084,issuer,
2025-10-31,Bell Canada,senior,23.56965125054808,34.86370988749453,13,8.836216560717764,issuer,
2025-10-31,Brookfield Infrastructure Finance,senior,29.19516608455682,38.613288220255356,9,10.308977533453595,issuer,
2025-10-31,Canadian Imperial Bank of Commerce,senior_bail_in,29.10089554176492,16.00115322392686,4,5.070681068431088,issuer,
2025-10-31,Enbridge Inc,senior,29.875523360899738,34.56659320578781,14,8.985144656620534,issuer,
2025-10-31,Fortis Inc,senior,12.919792999998782,38.6268868609054,5,10.497289634568608,issuer,
2025-10-31,Hydro One Inc,senior,-7.577997385797546,34.03396135170973,16,11.381221405495788,issuer,
2025-10-31,National Bank of Canada,senior_bail_in,24.418832848716118,20.492690747975626,5,2.376038353650311,issuer,
2025-10-31,Pembina Pipeline,senior,33.857368380481645,33.52982611749791,7,6.606917365830362,issuer,
2025-10-31,Rogers Communications,senior,41.7570356964616,26.067714588992864,7,7.565228818019496,issuer,
2025-10-31,Royal Bank of Canada,senior_bail_in,27.117120514633434,11.728522895505817,8,5.991002995872408,issuer,
2025-10-31,TELUS,senior,21.11734957719057,37.68391233109,15,5.668764763951833,issuer,
2025-10-31,Toronto-Dominion Bank,senior_bail_in,9.540665846441795,28.26014545258132,10,6.529251288551761,issuer,
2025-10-31,TransCanada PipeLines,senior,61.39065748797502,16.759305607599092,9,22.220441064880184,issuer,
2025-11-28,Bank of Montreal,senior_bail_in,39.772328900541126,13.79069754229204,5,2.9859368091514553,issuer,
2025-11-28,Bank of Nova Scotia,senior_bail_in,23.704027718591973,23.189043691855662,4,2.681528940134155,issuer,
2025-11-28,Bell Canada,senior,37.240111736243584,29.231567047349962,13,10.366979169888255,issuer,
2025-11-28,Brookfield Infrastructure Finance,senior,23.193531173022073,43.58660465614533,8,10.780909597288748,issuer,
2025-11-28,Canadian Imperial Bank of Commerce,senior_bail_in,29.488545992772217,19.23956432773736,4,3.619158605643774,issuer,
2025-11-28,Enbridge Inc,senior,31.34313032990629,35.17230862665466,13,9.091464092266621,issuer,
2025-11-28,Fortis Inc,senior,15.53783044025257,37.23020768216193,5,9.399733104410364,issuer,
2025-11-28,Hydro One Inc,senior,-7.71406844645643,34.51905087517025,17,12.400707712244749,issuer,
2025-11-28,National Bank of Canada,senior_bail_in,25.521838445044587,22.92962137802364,5,2.1360810497260054,issuer,
2025-11-28,Pembina Pipeline,senior,40.471233117954206,29.65980565417799,7,5.641080000609562,issuer,
2025-11-28,Rogers Communications,senior,50.93845558768383,22.62691574720777,7,7.946213008897896,issuer,
2025-11-28,Royal Bank of Canada,senior_bail_in,29.97356203867147,12.082404202654189,8,7.361196824933901,issuer,
2025-11-28,TELUS,senior,27.206410562887246,35.09635599085372,15,5.631454956919826,issuer,
2025-11-28,Toronto-Dominion Bank,senior_bail_in,10.684835422118603,30.12450203544391,10,7.926143256958078,issuer,
2025-11-28,TransCanada PipeLines,senior,65.06579855474135,15.852248175992065,9,24.815293372316802,issuer,
2025-12-31,Bank of Montreal,senior_bail_in,42.733390079061785,10.940309008284302,4,3.0131115380773714,issuer,
2025-12-31,Bank of Nova Scotia,senior_bail_in,21.677925810121213,24.82151490137683,5,2.608181240442958,issuer,
2025-12-31,Bell Canada,senior,40.10781813960864,23.362717387655525,13,10.234943914842415,issuer,
2025-12-31,Brookfield Infrastructure Finance,senior,29.828702298504545,37.10476087200079,8,10.229094742284621,issuer,
2025-12-31,Canadian Imperial Bank of Commerce,senior_bail_in,24.557717829600527,22.560794120852776,4,3.232886670951604,issuer,
2025-12-31,Enbridge Inc,senior,35.69278330951152,29.54040845399922,13,8.513615064430835,issuer,
2025-12-31,Fortis Inc,senior,15.689134259557624,32.550228208906,5,10.1653254331105,issuer,
2025-12-31,Hydro One Inc,senior,-0.2500017313047057,28.432793515727166,17,11.389463195901396,issuer,
2025-12-31,National Bank of Canada,senior_bail_in,22.394549145129943,25.38603491612933,5,2.2105298114437812,issuer,
2025-12-31,Pembina Pipeline,senior,41.01024615767579,26.67035890865913,7,3.8739945532032434,issuer,
2025-12-31,Rogers Communications,senior,53.901540857887376,17.386579706420495,7,6.930961065082071,issuer,
2025-12-31,Royal Bank of Canada,senior_bail_in,26.28827449148883,14.693297730676665,9,6.7153976739175425,issuer,
2025-12-31,TELUS,senior,31.408124137957653,29.202901671886618,15,6.285692967964131,issuer,
2025-12-31,Toronto-Dominion Bank,senior_bail_in,13.84908396328259,28.719155882807136,10,5.738325931505313,issuer,
2025-12-31,TransCanada PipeLines,senior,56.11829731626761,17.975432949604404,9,24.54555640970426,issuer,
2026-01-30,Bank of Montreal,senior_bail_in,33.68346225393241,18.269855598976992,4,6.09733360172994,issuer,
2026-01-30,Bank of Nova Scotia,senior_bail_in,16.47887223796819,28.20826826969428,5,7.5228500959735385,issuer,
2026-01-30,Bell Canada,senior,38.53175655878727,21.92897237898346,14,15.827935880066132,issuer,
2026-01-30,Brookfield Infrastructure Finance,senior,32.3947252287479,30.05325676878169,8,10.616823690518654,issuer,
2026-01-30,Canadian Imperial Bank of Commerce,senior_bail_in,11.081030137109842,30.46434127230145,4,4.418292827840837,issuer,
2026-01-30,Enbridge Inc,senior,33.9665732713168,26.834802089079087,13,7.338198212243331,issuer,
2026-01-30,Fortis Inc,senior,17.321829783809466,26.959480042915327,5,11.806235773551602,issuer,
2026-01-30,Hydro One Inc,senior,0.751162624248007,24.794955287056478,16,12.861073602581166,issuer,
2026-01-30,National Bank of Canada,senior_bail_in,11.238387860048144,34.53906517979056,6,4.951194846672287,issuer,
2026-01-30,Pembina Pipeline,senior,41.64080114724397,21.323958682597087,7,5.712158298928359,issuer,
2026-01-30,Rogers Communications,senior,57.10006931398988,10.033998976017209,8,6.876304198283381,issuer,
2026-01-30,Royal Bank of Canada,senior_bail_in,18.6026459029671,18.88850037542396,8,8.549081594443606,issuer,
2026-01-30,TELUS,senior,33.195389146299775,22.813825965714543,14,7.3010865332608965,issuer,
2026-01-30,Toronto-Dominion Bank,senior_bail_in,9.835953431915094,30.739944710345757,10,7.016083628953533,issuer,
2026-01-30,TransCanada PipeLines,senior,53.516308650238365,13.96527215495747,9,16.784107176781188,issuer,
2026-02-27,Bank of Montreal,senior_bail_in,50.321006261570794,11.654605454523953,5,5.147198240210225,issuer,
2026-02-27,Bank of Nova Scotia,senior_bail_in,36.16642701883992,20.14698993852788,5,4.637221635214897,issuer,
2026-02-27,Bell Canada,senior,51.70781948549858,20.961627834254326,14,15.862339624089774,issuer,
2026-02-27,Brookfield Infrastructure Finance,senior,48.03505008914637,27.16109538522238,8,12.172721777902694,issuer,
2026-02-27,Canadian Imperial Bank of Commerce,senior_bail_in,32.21339537035589,21.98553737946652,4,1.6915922907844152,issuer,
2026-02-27,Enbridge Inc,senior,37.41798048083087,30.73829715300465,14,7.056411756051231,issuer,
2026-02-27,Fortis Inc,senior,28.379320955723074,24.072444689275883,5,6.928069710263494,issuer,
2026-02-27,Hydro One Inc,senior,9.03360419040108,24.20822414053491,16,11.259379522001627,issuer,
2026-02-27,National Bank of Canada,senior_bail_in,31.905805047460618,24.439041281808887,6,3.6183350200156696,issuer,
2026-02-27,Pembina Pipeline,senior,57.9341392010696,17.91394737886953,7,6.4216645875604295,issuer,
2026-02-27,Rogers Communications,senior,69.4826991839145,9.892545671232943,8,7.957037735363584,issuer,
2026-02-27,Royal Bank of Canada,senior_bail_in,35.17146190332621,12.123565807351738,8,9.464529874793897,issuer,
2026-02-27,TELUS,senior,46.3942157812997,22.25123587804172,14,7.940436460598971,issuer,
2026-02-27,Toronto-Dominion Bank,senior_bail_in,16.156494417571423,31.59129016985796,10,6.898324082369197,issuer,
2026-02-27,TransCanada PipeLines,senior,68.52434181483395,11.615675072427313,9,18.46070125583964,issuer,
2026-03-31,Bank of Montreal,senior_bail_in,47.53862618109388,14.022034398343797,6,4.248880585283127,issuer,
2026-03-31,Bank of Nova Scotia,senior_bail_in,37.5676246922006,20.875960660124967,5,1.7117401993111983,issuer,
2026-03-31,Bell Canada,senior,40.273278490261745,31.705673926157427,14,12.30159702094021,issuer,
2026-03-31,Brookfield Infrastructure Finance,senior,36.84551192275981,37.122292957039754,8,12.646728672032333,issuer,
2026-03-31,Canadian Imperial Bank of Commerce,senior_bail_in,40.245123204160166,20.34244193217068,5,6.4724897761951885,issuer,
2026-03-31,Enbridge Inc,senior,30.55757243292916,36.11618819455249,14,8.74701503632653,issuer,
2026-03-31,Fortis Inc,senior,26.447112546191125,28.67548623267783,5,6.809595109274474,issuer,
2026-03-31,Hydro One Inc,senior,-6.309720217972224,35.252172567217144,16,9.993585822758378,issuer,
2026-03-31,National Bank of Canada,senior_bail_in,35.14740562071916,24.395382248033233,6,3.27672258506282,issuer,
2026-03-31,Pembina Pipeline,senior,35.49804480288548,30.854779183892234,6,4.978695992121136,issuer,
2026-03-31,Rogers Communications,senior,58.39516020797036,19.113173565713133,8,6.291332350615963,issuer,
2026-03-31,Royal Bank of Canada,senior_bail_in,40.28734064427767,12.485273155015628,9,9.523140214489157,issuer,
2026-03-31,TELUS,senior,34.28525943926681,31.522092264370777,13,7.874738926814241,issuer,
2026-03-31,Toronto-Dominion Bank,senior_bail_in,17.997278289373114,32.205932294337465,10,7.679753015811393,issuer,
2026-03-31,TransCanada PipeLines,senior,69.55464616209228,13.723827954583143,8,22.719215830510485,issuer,
2026-04-30,Bank of Montreal,senior_bail_in,36.39704042443353,13.560352842082363,6,4.352360602052594,issuer,
2026-04-30,Bank of Nova Scotia,senior_bail_in,23.966484842034486,22.650932850678455,7,3.02192155476547,issuer,
2026-04-30,Bell Canada,senior,28.613612954743168,31.557280597037614,14,13.124231016607832,issuer,
2026-04-30,Brookfield Infrastructure Finance,senior,21.941720780884758,39.061723634021995,8,11.548416041612946,issuer,
2026-04-30,Canadian Imperial Bank of Commerce,senior_bail_in,25.584992251513345,20.486951358602656,5,2.1168619344571074,issuer,
2026-04-30,Enbridge Inc,senior,18.262413939296465,36.52090566389274,14,9.013375359175297,issuer,
2026-04-30,Fortis Inc,senior,17.931333938740806,28.88055104249558,5,4.173234683402927,issuer,
2026-04-30,Hydro One Inc,senior,-19.16175831904847,36.75383246578446,16,9.819781731588868,issuer,
2026-04-30,National Bank of Canada,senior_bail_in,24.676362687617054,22.934380677324018,7,1.6059932667090657,issuer,
2026-04-30,Pembina Pipeline,senior,20.22317539220807,33.565862347999825,6,3.4147647215413106,issuer,
2026-04-30,Rogers Communications,senior,39.84484272000486,23.531401612313193,8,6.367450479319167,issuer,
2026-04-30,Royal Bank of Canada,senior_bail_in,24.34029936736675,15.92325487946641,9,10.371739897826432,issuer,
2026-04-30,TELUS,senior,18.9713741254644,33.91590392986016,13,7.162704404302153,issuer,
2026-04-30,Toronto-Dominion Bank,senior_bail_in,11.07468767497054,29.165918206133263,11,7.0252273419558335,issuer,
2026-04-30,TransCanada PipeLines,senior,59.40707542259645,12.454456108151184,8,23.7034277822702,issuer,
2026-05-29,Bank of Montreal,senior_bail_in,36.16467921431944,10.987907598542964,6,4.504773665786793,issuer,
2026-05-29,Bank of Nova Scotia,senior_bail_in,20.348624037910593,22.204611009275155,7,2.361445137234591,issuer,
2026-05-29,Bell Canada,senior,18.8645803028686,34.26014296450719,14,12.534187986556573,issuer,
2026-05-29,Brookfield Infrastructure Finance,senior,26.603446599612194,35.52859721941324,8,10.281251662702662,issuer,
2026-05-29,Canadian Imperial Bank of Commerce,senior_bail_in,21.69249867927594,20.62466225610203,5,1.30952173768272,issuer,
2026-05-29,Enbridge Inc,senior,7.857294974640923,40.449942062880574,13,8.242306721861794,issuer,
2026-05-29,Fortis Inc,senior,26.86481308127333,23.558536512052623,4,4.816054937218441,issuer,
2026-05-29,Hydro One Inc,senior,-14.98758123099562,34.05669782474901,16,9.334995850822299,issuer,
2026-05-29,National Bank of Canada,senior_bail_in,21.576810316983586,22.4994259253247,7,1.3577995842509938,issuer,
2026-05-29,Pembina Pipeline,senior,22.8155497542611,30.965740822709105,6,4.894384674696739,issuer,
2026-05-29,Rogers Communications,senior,43.329906674556746,20.663961514857853,8,6.112429532745194,issuer,
2026-05-29,Royal Bank of Canada,senior_bail_in,16.669000036292204,18.491075232830152,8,10.208732302757625,issuer,
2026-05-29,TELUS,senior,19.732946843280875,32.549642292114456,13,5.70905526302152,issuer,
2026-05-29,Toronto-Dominion Bank,senior_bail_in,14.506658360151674,23.924561397763355,11,5.751303268502005,issuer,
2026-05-29,TransCanada PipeLines,senior,61.71211760575309,10.155644358877,7,23.630007543726055,issuer,
2026-06-30,Bank of Montreal,senior_bail_in,22.079555967976198,22.842408028203014,6,5.7684995916926685,issuer,
2026-06-30,Bank of Nova Scotia,senior_bail_in,22.42738839865398,22.393738988611144,7,1.9995826599766977,issuer,
2026-06-30,Bell Canada,senior,25.397206228484237,31.330763519212702,13,11.330068887067105,issuer,
2026-06-30,Brookfield Infrastructure Finance,senior,32.896335440862124,32.56159994439163,8,9.558976346417364,issuer,
2026-06-30,Canadian Imperial Bank of Commerce,senior_bail_in,22.807635053121807,22.102833787083135,6,1.785647734153229,issuer,
2026-06-30,Enbridge Inc,senior,31.76343948582185,28.59460133250597,18,11.073596196060132,issuer,
2026-06-30,Fortis Inc,senior,27.328869177671145,24.36614456919361,4,4.405662978266907,issuer,
2026-06-30,Hydro One Inc,senior,-8.042939377720673,30.92470786473568,16,9.386125949144922,issuer,
2026-06-30,National Bank of Canada,senior_bail_in,22.66194923821855,23.574447748258134,7,1.8821231683600887,issuer,
2026-06-30,Pembina Pipeline,senior,34.582518864492,25.78320773368348,6,3.269052870934764,issuer,
2026-06-30,Rogers Communications,senior,46.42649825178775,19.146354314225956,8,6.529590721368082,issuer,
2026-06-30,Royal Bank of Canada,senior_bail_in,18.04922913508754,19.188333221889735,8,9.977299538982864,issuer,
2026-06-30,TELUS,senior,21.723253337219607,32.38335597042587,13,6.638995695794077,issuer,
2026-06-30,Toronto-Dominion Bank,senior_bail_in,15.35264754827321,25.02351047661078,11,5.871436720455124,issuer,
2026-06-30,TransCanada PipeLines,senior,37.85111177017467,25.910880103402594,8,17.70898989032357,issuer,
2026-07-31,Bank of Montreal,senior_bail_in,27.36548941881844,24.431751241219487,7,3.3424845414105664,issuer,
2026-07-31,Bank of Nova Scotia,senior_bail_in,22.387639939332797,28.10964800176343,7,2.6288834632795073,issuer,
2026-07-31,Bell Canada,senior,20.06196222873681,37.544247985589664,13,11.575486191725373,issuer,
2026-07-31,Brookfield Infrastructure Finance,senior,33.21549189722227,35.007296779650375,8,9.6479735707614,issuer,
2026-07-31,Canadian Imperial Bank of Commerce,senior_bail_in,21.613388883849254,27.799341881089088,6,2.682727591176853,issuer,
2026-07-31,Enbridge Inc,senior,29.990159403418215,33.00004784785456,18,11.181495894868613,issuer,
2026-07-31,Fortis Inc,senior,31.614389316982546,23.859826351774508,4,4.023068712792622,issuer,
2026-07-31,Hydro One Inc,senior,-7.545074989742942,33.86294374920462,16,8.597509814072028,issuer,
2026-07-31,National Bank of Canada,senior_bail_in,22.276250153199207,29.65847755354123,7,2.4573305611789533,issuer,
2026-07-31,Pembina Pipeline,senior,37.90354599544556,27.608736610334265,6,3.849363727479357,issuer,
2026-07-31,Rogers Communications,senior,48.71913453184487,20.575178498775195,8,6.06782291391046,issuer,
2026-07-31,Royal Bank of Canada,senior_bail_in,17.70986394156483,25.464160717782708,8,9.991671704368846,issuer,
2026-07-31,TELUS,senior,26.159853010555935,32.93041513230074,13,6.512680258780125,issuer,
2026-07-31,Toronto-Dominion Bank,senior_bail_in,18.182328520166877,28.090707493890065,11,6.172915489897202,issuer,
2026-07-31,TransCanada PipeLines,senior,43.408167832382475,25.992382826201577,8,19.121817151013353,issuer,
2026-08-31,Bank of Montreal,senior_bail_in,22.733514656796046,30.88671004271662,7,2.7743209642312365,issuer,
2026-08-31,Bank of Nova Scotia,senior_bail_in,17.452230834220625,35.34529459049382,7,3.0341896186246826,issuer,
2026-08-31,Bell Canada,senior,16.30529848427689,42.62520787130765,13,11.513234612714104,issuer,
2026-08-31,Brookfield Infrastructure Finance,senior,28.20096147408181,38.140249351040765,8,7.218864920517771,issuer,
2026-08-31,Canadian Imperial Bank of Commerce,senior_bail_in,16.43795751807469,35.49995883024976,6,3.229940075213151,issuer,
2026-08-31,Enbridge Inc,senior,32.583621427797475,33.16105415393921,18,11.543201139302424,issuer,
2026-08-31,Fortis Inc,senior,30.232342863849745,26.013936419688676,4,4.714325249124996,issuer,
2026-08-31,Hydro One Inc,senior,-6.1145369697940355,35.85685124475972,16,8.369479471162906,issuer,
2026-08-31,National Bank of Canada,senior_bail_in,17.55330053005026,36.90146397964857,6,3.068519495500139,issuer,
2026-08-31,Pembina Pipeline,senior,34.42550272110554,30.542637036527612,6,3.7351794066853166,issuer,
2026-08-31,Rogers Communications,senior,40.3874761583893,27.828898552509518,8,4.987033962123168,issuer,
2026-08-31,Royal Bank of Canada,senior_bail_in,17.872294271433997,29.760362513176215,7,7.754919415033023,issuer,
2026-08-31,TELUS,senior,20.432657229058627,38.17004763076281,13,5.3287958258646455,issuer,
2026-08-31,Toronto-Dominion Bank,senior_bail_in,11.044342049411192,36.77579887394632,12,6.478898460694831,issuer,
2026-08-31,TransCanada PipeLines,senior,7.156212378818622,46.51973361975448,7,12.970322774822186,issuer,
2026-09-30,Bank of Montreal,senior_bail_in,26.938635910324983,30.14410079451876,7,2.37949665463307,issuer,
2026-09-30,Bank of Nova Scotia,senior_bail_in,16.709473185481578,38.27698662202362,8,4.093048535136712,issuer,
2026-09-30,Bell Canada,senior,17.129734862485503,39.91955899970828,12,6.406813113240246,issuer,
2026-09-30,Brookfield Infrastructure Finance,senior,18.789579482509563,42.6432499402243,7,6.441287721887612,issuer,
2026-09-30,Canadian Imperial Bank of Commerce,senior_bail_in,13.222637603470954,40.68595211208005,6,5.593272492308202,issuer,
2026-09-30,Enbridge Inc,senior,25.266680179953763,37.640544872963794,18,10.808313322603212,issuer,
2026-09-30,Fortis Inc,senior,33.10344694709784,22.945875503662304,4,3.892233657388291,issuer,
2026-09-30,Hydro One Inc,senior,-6.732061958528216,37.52062718147474,16,8.973180084305891,issuer,
2026-09-30,National Bank of Canada,senior_bail_in,21.384758549920488,37.30593935000845,6,3.1543133273166974,issuer,
2026-09-30,Pembina Pipeline,senior,36.886668698841596,27.617558847949176,6,4.934547676327916,issuer,
2026-09-30,Rogers Communications,senior,39.39829304328288,27.720090711430455,7,4.2131758469738525,issuer,
2026-09-30,Royal Bank of Canada,senior_bail_in,14.122158982727534,36.30903408110941,7,9.534867819843644,issuer,
2026-09-30,TELUS,senior,28.32791408924005,31.928239505250424,13,7.033328405995148,issuer,
2026-09-30,Toronto-Dominion Bank,senior_bail_in,21.29251564118193,32.17886652565056,10,6.3046037428189505,issuer,
2026-09-30,TransCanada PipeLines,senior,6.277448712283858,46.736484643252794,7,14.645809296404119,issuer,
2023-01-31,,senior_bail_in,33.68006882628515,56.62064287223742,43,15.01562660220076,sector,Banks
2023-01-31,,senior,3.8264181586308745,87.41686613231585,26,15.301637145700493,sector,Pipelines
2023-01-31,,senior,9.43841383842872,76.07789468187498,27,14.975018299096487,sector,Telecom
2023-01-31,,senior,-11.824438135774104,73.34370071993962,21,38.48817756335886,sector,Utilities
2023-02-28,,senior_bail_in,11.596325358451178,69.84805966140156,40,16.437362360734387,sector,Banks
2023-02-28,,senior,-3.2866142769396287,95.53112097469561,25,13.609084491511865,sector,Pipelines
2023-02-28,,senior,-2.3118823560012807,84.2890687772618,28,13.6503794146942,sector,Telecom
2023-02-28,,senior,-10.102808433745128,75.25009587963507,21,37.51830622355333,sector,Utilities
2023-03-31,,senior_bail_in,27.080297459074973,75.96076652338238,38,16.181804502482215,sector,Banks
2023-03-31,,senior,16.280005396239662,91.65003863727799,26,11.803280167411096,sector,Pipelines
2023-03-31,,senior,18.637345019237493,80.74808747303109,29,12.633717733163369,sector,Telecom
2023-03-31,,senior,-2.8986412277828695,76.29927473745629,20,42.49880102375981,sector,Utilities
2023-04-28,,senior_bail_in,22.394732679385207,70.17676617894035,38,15.652701019637195,sector,Banks
2023-04-28,,senior,6.391507317734655,90.42140429907779,26,13.741176085007172,sector,Pipelines
2023-04-28,,senior,-0.32147333512989557,87.15025214299446,32,18.073730497324306,sector,Telecom
2023-04-28,,senior,-7.979187313097208,74.28113883047891,20,43.68681030852969,sector,Utilities
2023-05-31,,senior_bail_in,28.812377817253715,74.41377586183937,38,17.027773998290137,sector,Banks
2023-05-31,,senior,16.181120419106577,86.32892873548373,28,14.465037615219819,sector,Pipelines
2023-05-31,,senior,19.94569763204811,77.36601885322821,32,17.986792833139884,sector,Telecom
2023-05-31,,senior,-3.1438238889955388,72.9746468542463,20,43.71832112986925,sector,Utilities
2023-06-30,,senior_bail_in,22.608898546160816,72.69935276598379,42,17.605636530658057,sector,Banks
2023-06-30,,senior,1.2157994472846894,92.79602633300411,27,15.75183990376738,sector,Pipelines
2023-06-30,,senior,12.950411534345221,79.47527701747957,32,17.209877864958834,sector,Telecom
2023-06-30,,senior,-12.844739899489733,76.31269342603413,19,45.45893658973909,sector,Utilities
2023-07-31,,senior_bail_in,26.8884257406523,62.956850124040514,44,18.660493741296435,sector,Banks
2023-07-31,,senior,-8.185915113230672,94.26575869313781,26,16.84149957216185,sector,Pipelines
2023-07-31,,senior,8.312481426260408,79.12241141151821,32,17.10874332809671,sector,Telecom
2023-07-31,,senior,-18.43248549682981,76.94454804263717,20,45.600172287554976,sector,Utilities
2023-08-31,,senior_bail_in,22.729746304213116,72.54242699366958,44,20.328940035986886,sector,Banks
2023-08-31,,senior,0.559783384354322,93.36870654667104,26,14.404168418130455,sector,Pipelines
2023-08-31,,senior,14.28682810092035,80.22893677336594,32,17.00958655962549,sector,Telecom
2023-08-31,,senior,-11.901692826138476,76.41776395078215,20,44.35956611848522,sector,Utilities
2023-09-29,,senior_bail_in,13.56743966605524,82.60343249704296,44,22.405184602303414,sector,Banks
2023-09-29,,senior,10.961704585606801,90.3799678375402,26,13.866750622437808,sector,Pipelines
2023-09-29,,senior,16.563937848278524,82.53586217005532,38,15.626900046985416,sector,Telecom
2023-09-29,,senior,-8.334126434401973,76.6885913848156,20,43.8227449532688,sector,Utilities
2023-10-31,,senior_bail_in,21.699503519572392,79.14353788885988,43,22.758696292648676,sector,Banks
2023-10-31,,senior,13.849456639290198,92.71268851693969,26,15.187270942481067,sector,Pipelines
2023-10-31,,senior,18.138013687489387,84.49670575038141,38,15.475817043189462,sector,Telecom
2023-10-31,,senior,-3.6640699700505404,76.69383814955877,20,44.98907203529696,sector,Utilities
2023-11-30,,senior_bail_in,-1.6754398042419578,82.7719704295621,42,20.23436400369996,sector,Banks
2023-11-30,,senior,9.437485688524811,83.475116141825,27,15.880765582113048,sector,Pipelines
2023-11-30,,senior,-7.320207756499874,85.31040579106379,39,14.651565537682162,sector,Telecom
2023-11-30,,senior,-12.267684305453283,73.39185272372819,21,44.229177070018956,sector,Utilities
2023-12-29,,senior_bail_in,-16.97608108247678,78.37311885802615,45,17.68747935299529,sector,Banks
2023-12-29,,senior,-14.920411012574611,86.70750914760367,27,17.757064144071368,sector,Pipelines
2023-12-29,,senior,-26.403896291967392,83.9661165045322,39,13.407970263209334,sector,Telecom
2023-12-29,,senior,-25.18730908037026,71.44555607669598,21,41.20591068842199,sector,Utilities
2024-01-31,,senior_bail_in,1.7102066571189416,63.78770216887583,44,17.976445234234667,sector,Banks
2024-01-31,,senior,-0.2906791963984518,77.54076588304208,29,20.50584010196685,sector,Pipelines
2024-01-31,,senior,-1.8099853864464963,68.8141005524883,39,12.200975123059186,sector,Telecom
2024-01-31,,senior,-10.902040683554972,61.18283178879032,22,39.41200653125214,sector,Utilities
2024-02-29,,senior_bail_in,-10.656336876645446,67.69784685641353,44,19.317822550031252,sector,Banks
2024-02-29,,senior,-18.75475486308724,83.45058747745281,28,18.018236770028544,sector,Pipelines
2024-02-29,,senior,-3.674869522944127,67.89391753951541,42,10.63737469585638,sector,Telecom
2024-02-29,,senior,-5.984383110998873,56.26024612512073,21,35.72897786906944,sector,Utilities
2024-03-29,,senior_bail_in,-17.804008732585643,66.46420980115776,46,19.427902514964554,sector,Banks
2024-03-29,,senior,-21.535474346494368,83.73346915523942,28,18.009480347346322,sector,Pipelines
2024-03-29,,senior,-3.6274440833478585,67.2873814523782,40,10.019987711028424,sector,Telecom
2024-03-29,,senior,-14.63030203125024,59.78189933093918,21,34.22396629839787,sector,Utilities
2024-04-30,,senior_bail_in,-5.653883729046747,58.37588695689358,46,21.437962778012896,sector,Banks
2024-04-30,,senior,-20.813622468153085,81.05021508583371,28,18.341761801828422,sector,Pipelines
2024-04-30,,senior,1.478723922894569,64.80416319647583,40,9.566932538937136,sector,Telecom
2024-04-30,,senior,-21.722252102610753,62.99725611376653,21,31.28230077843429,sector,Utilities
2024-05-31,,senior_bail_in,-9.028885090824646,60.168205154718734,43,21.377269139519175,sector,Banks
2024-05-31,,senior,-22.143973027183367,80.57992987163057,27,17.519283531960003,sector,Pipelines
2024-05-31,,senior,1.9140866875031943,66.13986929760341,41,9.443129648132524,sector,Telecom
2024-05-31,,senior,-2.7664284650787643,53.81093523037776,22,30.043853757044772,sector,Utilities
2024-06-28,,senior_bail_in,-14.65664600265471,66.25151300930241,41,21.285555111137118,sector,Banks
2024-06-28,,senior,-22.227491602136148,81.15293333029801,28,16.203596748832453,sector,Pipelines
2024-06-28,,senior,2.637062177499553,66.03758653295004,41,8.974352926076152,sector,Telecom
2024-06-28,,senior,-1.7983064565969888,53.32169927032761,22,29.88461223212859,sector,Utilities
2024-07-31,,senior_bail_in,-8.752045762081163,59.1459609693318,40,17.418685975096206,sector,Banks
2024-07-31,,senior,-12.953298338359975,73.29255120852635,28,16.62022703136037,sector,Pipelines
2024-07-31,,senior,8.426750537591616,60.49218761674202,40,9.312313828183688,sector,Telecom
2024-07-31,,senior,3.1871553011274893,47.6922426276246,22,30.042245952048678,sector,Utilities
2024-08-30,,senior_bail_in,25.52092683148655,35.244613527624885,39,9.735222599753607,sector,Banks
2024-08-30,,senior,-12.78348624502623,75.01942997452315,29,14.795626508616769,sector,Pipelines
2024-08-30,,senior,10.765765444331215,61.926954671590764,41,9.653067498772353,sector,Telecom
2024-08-30,,senior,9.948761355831667,45.814031207652505,23,29.32742444353924,sector,Utilities
2024-09-30,,senior_bail_in,21.056655403190362,29.56985817659526,40,8.517300532474872,sector,Banks
2024-09-30,,senior,-12.573278170495826,68.74090471142904,29,14.88573471256696,sector,Pipelines
2024-09-30,,senior,8.207178744726844,57.627304929366396,40,10.316446898148248,sector,Telecom
2024-09-30,,senior,8.318482711081561,42.423185040065,24,27.515212371800104,sector,Utilities
2024-10-31,,senior_bail_in,20.453521955782072,33.34190273691852,44,9.336973703182672,sector,Banks
2024-10-31,,senior,3.985954788985314,55.671420463179174,29,12.772631051138063,sector,Pipelines
2024-10-31,,senior,7.976821340313135,55.450512740954984,40,9.211772433919432,sector,Telecom
2024-10-31,,senior,8.358089365617785,41.274256398180206,24,26.07325489153889,sector,Utilities
2024-11-29,,senior_bail_in,22.62272284967014,23.701492947682226,41,7.258292785867061,sector,Banks
2024-11-29,,senior,0.5933287384111895,50.4282276690632,29,13.59499833442126,sector,Pipelines
2024-11-29,,senior,-0.2762471678723346,56.077069348208816,40,8.28393395490471,sector,Telecom
2024-11-29,,senior,-2.7781152657192,39.763569163277765,24,24.136487803294173,sector,Utilities
2024-12-31,,senior_bail_in,20.405891038439794,27.880714165485365,41,6.333039738442679,sector,Banks
2024-12-31,,senior,16.8186906967156,41.342539115012386,29,13.923052590821257,sector,Pipelines
2024-12-31,,senior,9.338893215698771,50.06516961967149,40,7.383937683176808,sector,Telecom
2024-12-31,,senior,13.844314239599697,30.583739137047804,24,23.777449368153082,sector,Utilities
2025-01-31,,senior_bail_in,27.953181254260187,23.3500228414883,38,6.495536686031746,sector,Banks
2025-01-31,,senior,24.87078608244138,40.003497089893635,29,12.84872578178284,sector,Pipelines
2025-01-31,,senior,19.83571679018784,47.24747307439547,40,7.061694840867692,sector,Telecom
2025-01-31,,senior,20.579160327426912,28.032785107127275,24,23.792195570774386,sector,Utilities
2025-02-28,,senior_bail_in,36.169342757544996,20.00039707352543,38,7.484327645628128,sector,Banks
2025-02-28,,senior,34.62629202011836,42.02075910373901,33,12.511123784380878,sector,Pipelines
2025-02-28,,senior,31.185052518506456,42.76456567172031,41,7.368756501822532,sector,Telecom
2025-02-28,,senior,30.762266526328666,26.130676801205933,24,25.049429362217044,sector,Utilities
2025-03-31,,senior_bail_in,34.34511196616401,25.627203636343957,36,8.852897294029406,sector,Banks
2025-03-31,,senior,35.95413798661165,43.91561412442232,33,12.583054213478027,sector,Pipelines
2025-03-31,,senior,29.571171719575258,44.86643146851933,39,8.22882043670794,sector,Telecom
2025-03-31,,senior,36.0938511883044,25.69588518562596,26,25.46095212101093,sector,Utilities
2025-04-30,,senior_bail_in,36.296786722478686,24.19750114302222,35,8.642413292797942,sector,Banks
2025-04-30,,senior,41.33515735934551,44.25729195018882,32,12.83745724877336,sector,Pipelines
2025-04-30,,senior,30.876446175250084,45.21393782079776,39,8.567915039987422,sector,Telecom
2025-04-30,,senior,38.06025699976379,26.637396624655587,26,27.360071273914155,sector,Utilities
2025-05-30,,senior_bail_in,22.131464698636822,27.606292339113356,38,8.483605633979495,sector,Banks
2025-05-30,,senior,29.84034990212605,41.51271583505916,32,12.947235886989246,sector,Pipelines
2025-05-30,,senior,17.639848743191415,45.362571501682034,39,8.184882356992782,sector,Telecom
2025-05-30,,senior,24.140793147167308,26.83178474622768,26,25.90960421241013,sector,Utilities
2025-06-30,,senior_bail_in,22.19421737638284,26.196417175008243,37,9.350603472470718,sector,Banks
2025-06-30,,senior,34.28702503225177,37.965133673328225,30,13.425283820572261,sector,Pipelines
2025-06-30,,senior,21.883705770293176,41.75913105872048,39,8.354984891274617,sector,Telecom
2025-06-30,,senior,18.73009658805978,27.859300988563625,26,26.5243588470153,sector,Utilities
2025-07-31,,senior_bail_in,15.450974654800882,23.72137887921181,38,9.17174785440682,sector,Banks
2025-07-31,,senior,26.055481265126197,35.66661490496272,30,14.926544056500939,sector,Pipelines
2025-07-31,,senior,12.56586033143381,40.064103087921644,37,8.365828305888954,sector,Telecom
2025-07-31,,senior,9.9667480808621,28.195205202636455,26,24.666801097602214,sector,Utilities
2025-08-29,,senior_bail_in,21.568103415372477,23.779252407918115,38,8.199437011945282,sector,Banks
2025-08-29,,senior,34.35236444106445,36.17914930648945,30,14.336001403203522,sector,Pipelines
2025-08-29,,senior,29.12470650985213,36.01458977671909,36,8.455537810967192,sector,Telecom
2025-08-29,,senior,18.14009508053855,28.478278703160647,28,22.890810458770755,sector,Utilities
2025-09-30,,senior_bail_in,22.96000951063417,17.85865155420517,38,7.513422842591864,sector,Banks
2025-09-30,,senior,35.32070208253284,32.60945535596908,30,15.154563268298588,sector,Pipelines
2025-09-30,,senior,24.43034146320782,35.89166168960659,35,7.378600322278512,sector,Telecom
2025-09-30,,senior,14.820979609623993,30.06080592385616,30,22.593273548832276,sector,Utilities
2025-10-31,,senior_bail_in,20.580924052926285,20.92661612040507,37,6.973056599799876,sector,Banks
2025-10-31,,senior,40.57720123343996,29.17335416235864,30,13.558302949765546,sector,Pipelines
2025-10-31,,senior,27.280406573204612,33.72656036728067,35,7.342187067458817,sector,Telecom
2025-10-31,,senior,22.002702221553218,27.261690739098437,30,22.768483612658603,sector,Utilities
2025-11-28,,senior_bail_in,25.600999963287933,20.28722302648737,36,6.9698096065605135,sector,Banks
2025-11-28,,senior,45.74657096626433,27.320127680099514,29,14.77406283402703,sector,Pipelines
2025-11-28,,senior,36.40558877229003,30.0340868224274,35,8.105681387484472,sector,Telecom
2025-11-28,,senior,16.150970741643317,30.615443266901508,30,23.729433517494535,sector,Utilities
2025-12-31,,senior_bail_in,22.810323403163302,22.291911829691603,37,6.0482685179000395,sector,Banks
2025-12-31,,senior,44.53805201768592,24.829645455290656,29,13.999231018412496,sector,Pipelines
2025-12-31,,senior,40.18861658914632,24.055267861110423,35,8.135139199169345,sector,Telecom
2025-12-31,,senior,20.129880984951818,25.740767070634252,30,22.52026245858284,sector,Utilities
2026-01-30,,senior_bail_in,15.505311708346287,27.166695255829616,37,7.62680279794734,sector,Banks
2026-01-30,,senior,42.171421374961284,21.72344435029837,29,10.429697691374653,sector,Pipelines
2026-01-30,,senior,41.041491171210595,19.614576725247534,36,11.192576029057847,sector,Telecom
2026-01-30,,senior,27.420156199708458,17.940213866943875,29,21.224676463757568,sector,Utilities
2026-02-27,,senior_bail_in,31.44494584839453,21.36804769043386,38,7.741428264061131,sector,Banks
2026-02-27,,senior,54.507352669367016,21.013870655707365,30,11.409349983237004,sector,Pipelines
2026-02-27,,senior,54.27473032460891,18.82708954750097,36,11.450502226364025,sector,Telecom
2026-02-27,,senior,38.35206003416325,16.24241668748339,29,21.848979641612427,sector,Utilities
2026-03-31,,senior_bail_in,36.463918381544694,20.21541325260179,41,7.299600230864903,sector,Banks
2026-03-31,,senior,46.974403055366345,26.77504830360238,28,13.69138728472961,sector,Pipelines
2026-03-31,,senior,43.78561154361014,28.080709534618613,35,9.873979662407088,sector,Telecom
2026-03-31,,senior,28.576582099534527,24.735729678974202,29,22.45734963909564,sector,Utilities
2026-04-30,,senior_bail_in,23.614880058956363,21.08744302365544,45,6.723296161917412,sector,Banks
2026-04-30,,senior,35.18119594101241,26.932738965479473,28,14.184972247147345,sector,Pipelines
2026-04-30,,senior,29.432386988125195,29.65909714439182,35,9.926223556749099,sector,Telecom
2026-04-30,,senior,16.388640216925182,25.78920142718102,29,21.807323073251705,sector,Utilities
2026-05-29,,senior_bail_in,20.958290310012423,20.1880611346697,44,6.34996404272012,sector,Banks
2026-05-29,,senior,31.771674475818283,27.45288213274211,26,13.637634110162162,sector,Pipelines
2026-05-29,,senior,27.442216471517252,29.130351632445098,35,9.41799214525701,sector,Telecom
2026-05-29,,senior,19.047745129574867,23.692444032313222,28,21.594268880759806,sector,Utilities
2026-06-30,,senior_bail_in,19.78384576636549,22.899345777586248,45,6.045469649325573,sector,Banks
2026-06-30,,senior,33.85692320293424,27.400064487349074,32,11.461031211998195,sector,Pipelines
2026-06-30,,senior,32.50119839395169,26.937847297297225,34,8.890649338033509,sector,Telecom
2026-06-30,,senior,24.565310778086477,21.22712711056883,28,21.37844200863566,sector,Utilities
2026-07-31,,senior_bail_in,20.446197127724755,27.881771461041065,46,5.916655511545769,sector,Banks
2026-07-31,,senior,35.02220859260043,30.19232729166549,32,12.057255420173593,sector,Pipelines
2026-07-31,,senior,32.66814496729112,29.990076615831974,34,9.085057378443228,sector,Telecom
2026-07-31,,senior,24.453499189008635,24.126522478113134,28,20.712436293871527,sector,Utilities
2026-08-31,,senior_bail_in,16.644840703954596,34.296777719062305,45,5.3643381393402585,sector,Banks
2026-08-31,,senior,28.12324704852007,35.18780692405703,31,10.605097277415867,sector,Pipelines
2026-08-31,,senior,26.479544679068354,35.96087913820211,34,8.585111764570287,sector,Telecom
2026-08-31,,senior,21.467522605175926,27.652377135710996,28,18.544280289121875,sector,Utilities
2026-09-30,,senior_bail_in,17.91257107268339,36.30273339331284,44,5.83888541377767,sector,Banks
2026-09-30,,senior,23.17463910298164,37.90051946934985,31,10.725342960710497,sector,Pipelines
2026-09-30,,senior,27.844574870617162,33.41651205770093,32,6.7571256172991445,sector,Telecom
2026-09-30,,senior,11.502970895627174,33.48560977870166,27,17.031197533962573,sector,Utilities
