parent,period_end,available_date,net_debt,ebitda,interest_expense,total_assets,currency,source
BCE,2019-12-31,2020-03-11,26151000000.0,10005000000.0,1132000000.0,60146000000.0,CAD,sec_edgar_xbrl
BCE,2020-12-31,2021-03-11,26099000000.0,9248000000.0,1110000000.0,60665000000.0,CAD,sec_edgar_xbrl
BCE,2021-12-31,2022-03-04,29466000000.0,9828000000.0,1080000000.0,66764000000.0,CAD,sec_edgar_xbrl
BCE,2022-12-31,2023-03-03,31771000000.0,10068000000.0,1197000000.0,69329000000.0,CAD,sec_edgar_xbrl
BCE,2023-12-31,2024-03-08,35405000000.0,9779000000.0,1475000000.0,71940000000.0,CAD,sec_edgar_xbrl
BCE,2024-12-31,2025-03-07,38932000000.0,9839000000.0,1713000000.0,73485000000.0,CAD,sec_edgar_xbrl
BCE,2025-12-31,2026-03-06,40739000000.0,10530000000.0,1775000000.0,80165000000.0,CAD,sec_edgar_xbrl
BIP,2019-12-31,2020-02-28,20070000000.0,2923000000.0,904000000.0,56308000000.0,USD,sec_edgar_xbrl
BIP,2020-12-31,2021-03-18,21805000000.0,3730000000.0,1179000000.0,61331000000.0,USD,sec_edgar_xbrl
BIP,2021-12-31,2022-03-09,27349000000.0,4920000000.0,1468000000.0,73961000000.0,USD,sec_edgar_xbrl
BIP,2022-12-31,2023-03-17,28136000000.0,5642000000.0,1855000000.0,72969000000.0,USD,sec_edgar_xbrl
BIP,2023-12-31,2024-03-18,43347000000.0,6787000000.0,2501000000.0,100784000000.0,USD,sec_edgar_xbrl
BIP,2024-12-31,2025-03-24,48757000000.0,8602000000.0,3387000000.0,104590000000.0,USD,sec_edgar_xbrl
BIP,2025-12-31,2026-03-17,61086000000.0,9822000000.0,3868000000.0,128150000000.0,USD,sec_edgar_xbrl
ENB,2019-03-31,2019-05-10,65169000000.0,9819000000.0,2732000000.0,166508000000.0,CAD,sec_edgar_xbrl
ENB,2019-06-30,2019-08-02,64869000000.0,10546000000.0,2679000000.0,164828000000.0,CAD,sec_edgar_xbrl
ENB,2019-09-30,2019-11-08,65869000000.0,11325000000.0,2627000000.0,166641000000.0,CAD,sec_edgar_xbrl
ENB,2019-12-31,2020-02-14,64315000000.0,12074000000.0,2663000000.0,163269000000.0,CAD,sec_edgar_xbrl
ENB,2020-03-31,2020-05-07,67828000000.0,10587000000.0,2684000000.0,170254000000.0,CAD,sec_edgar_xbrl
ENB,2020-06-30,2020-07-29,66670000000.0,10507000000.0,2728000000.0,164694000000.0,CAD,sec_edgar_xbrl
ENB,2020-09-30,2020-11-06,66895000000.0,11105000000.0,2802000000.0,162488000000.0,CAD,sec_edgar_xbrl
ENB,2020-12-31,2021-02-12,66445000000.0,11669000000.0,2790000000.0,160276000000.0,CAD,sec_edgar_xbrl
ENB,2021-03-31,2021-05-07,67331000000.0,12754000000.0,2741000000.0,160695000000.0,CAD,sec_edgar_xbrl
ENB,2021-06-30,2021-07-30,67865000000.0,12402000000.0,2678000000.0,160727000000.0,CAD,sec_edgar_xbrl
ENB,2021-09-30,2021-11-05,70483000000.0,11704000000.0,2608000000.0,164532000000.0,CAD,sec_edgar_xbrl
ENB,2021-12-31,2022-02-11,75354000000.0,11657000000.0,2655000000.0,168864000000.0,CAD,sec_edgar_xbrl
ENB,2022-03-31,2022-05-06,76060000000.0,11652000000.0,2717000000.0,169391000000.0,CAD,sec_edgar_xbrl
ENB,2022-06-30,2022-07-29,77768000000.0,11541000000.0,2890000000.0,172816000000.0,CAD,sec_edgar_xbrl
ENB,2022-09-30,2022-11-04,81197000000.0,12063000000.0,3048000000.0,181775000000.0,CAD,sec_edgar_xbrl
ENB,2022-12-31,2023-02-10,80119000000.0,12501000000.0,3179000000.0,179608000000.0,CAD,sec_edgar_xbrl
ENB,2023-03-31,2023-05-05,79637000000.0,9828000000.0,3365000000.0,177070000000.0,CAD,sec_edgar_xbrl
ENB,2023-06-30,2023-08-04,78434000000.0,10731000000.0,3457000000.0,173942000000.0,CAD,sec_edgar_xbrl
ENB,2023-09-30,2023-11-03,74907000000.0,10835000000.0,3572000000.0,178410000000.0,CAD,sec_edgar_xbrl
ENB,2023-12-31,2024-02-09,75298000000.0,13683000000.0,3812000000.0,180317000000.0,CAD,sec_edgar_xbrl
ENB,2024-03-31,2024-05-10,86368000000.0,13360000000.0,3812000000.0,190713000000.0,CAD,sec_edgar_xbrl
ENB,2024-06-30,2024-08-02,88506000000.0,13419000000.0,4011000000.0,201263000000.0,CAD,sec_edgar_xbrl
ENB,2024-09-30,2024-11-01,93426000000.0,13996000000.0,4404000000.0,205773000000.0,CAD,sec_edgar_xbrl
ENB,2024-12-31,2025-02-14,99869000000.0,15006000000.0,4419000000.0,218973000000.0,CAD,sec_edgar_xbrl
ENB,2025-03-31,2025-05-09,101026000000.0,15992000000.0,4848000000.0,220045000000.0,CAD,sec_edgar_xbrl
ENB,2025-06-30,2025-08-01,99850000000.0,16646000000.0,4947000000.0,211592000000.0,CAD,sec_edgar_xbrl
ENB,2025-09-30,2025-11-07,102301000000.0,16780000000.0,4895000000.0,216973000000.0,CAD,sec_edgar_xbrl
ENB,2025-12-31,2026-02-13,103930000000.0,17189000000.0,5023000000.0,218475000000.0,CAD,sec_edgar_xbrl
ENB,2026-03-31,2026-05-08,107890000000.0,16197000000.0,4911000000.0,228201000000.0,CAD,sec_edgar_xbrl
ENB,2026-06-30,2026-07-31,110120000000.0,17096000000.0,5125000000.0,231647000000.0,CAD,sec_edgar_xbrl
FTS,2019-06-30,2019-08-02,22724000000.0,4241000000.0,1027000000.0,51699000000.0,CAD,sec_edgar_xbrl
FTS,2019-12-31,2020-02-13,22333000000.0,4388000000.0,1035000000.0,53404000000.0,CAD,sec_edgar_xbrl
FTS,2020-06-30,2020-07-30,24196000000.0,3932000000.0,1022000000.0,56205000000.0,CAD,sec_edgar_xbrl
FTS,2020-12-31,2021-02-12,24250000000.0,3936000000.0,1042000000.0,55481000000.0,CAD,sec_edgar_xbrl
FTS,2021-06-30,2021-07-29,24335000000.0,3923000000.0,1030000000.0,55895000000.0,CAD,sec_edgar_xbrl
FTS,2021-12-31,2022-02-11,25451000000.0,3974000000.0,1003000000.0,57659000000.0,CAD,sec_edgar_xbrl
FTS,2022-06-30,2022-07-28,26375000000.0,4122000000.0,1020000000.0,59954000000.0,CAD,sec_edgar_xbrl
FTS,2022-12-31,2023-02-10,28456000000.0,4408000000.0,1102000000.0,64252000000.0,CAD,sec_edgar_xbrl
FTS,2023-06-30,2023-08-02,28482000000.0,4654000000.0,1216000000.0,64081000000.0,CAD,sec_edgar_xbrl
FTS,2023-12-31,2024-02-09,29025000000.0,4857000000.0,1305000000.0,65920000000.0,CAD,sec_edgar_xbrl
FTS,2024-06-30,2024-07-31,30808000000.0,5058000000.0,1350000000.0,68772000000.0,CAD,sec_edgar_xbrl
FTS,2024-12-31,2025-02-14,33092000000.0,5219000000.0,1406000000.0,73486000000.0,CAD,sec_edgar_xbrl
FTS,2025-06-30,2025-08-01,33248000000.0,5438000000.0,1462000000.0,72789000000.0,CAD,sec_edgar_xbrl
FTS,2025-12-31,2026-02-12,33914000000.0,5549000000.0,1478000000.0,74830000000.0,CAD,sec_edgar_xbrl
PPL,2019-12-31,2020-02-28,10023000000.0,2633000000.0,291000000.0,33153000000.0,CAD,sec_edgar_xbrl
PPL,2020-12-31,2021-02-25,10795000000.0,2480000000.0,362000000.0,31416000000.0,CAD,sec_edgar_xbrl
PPL,2021-12-31,2022-02-25,10602000000.0,3312000000.0,362000000.0,31456000000.0,CAD,sec_edgar_xbrl
PPL,2022-12-31,2023-02-23,9898000000.0,4388000000.0,385000000.0,31475000000.0,CAD,sec_edgar_xbrl
PPL,2023-12-31,2024-02-23,9752000000.0,3087000000.0,395000000.0,32618000000.0,CAD,sec_edgar_xbrl
PPL,2024-12-31,2025-02-27,11919000000.0,3143000000.0,514000000.0,35967000000.0,CAD,sec_edgar_xbrl
PPL,2025-12-31,2026-02-27,11560000000.0,3796000000.0,515000000.0,35555000000.0,CAD,sec_edgar_xbrl
RCI,2019-12-31,2020-03-06,17711000000.0,6212000000.0,746000000.0,37019000000.0,CAD,sec_edgar_xbrl
RCI,2020-12-31,2021-03-05,16938000000.0,5857000000.0,780000000.0,38854000000.0,CAD,sec_edgar_xbrl
RCI,2021-12-31,2022-03-04,20173000000.0,5887000000.0,745000000.0,41963000000.0,CAD,sec_edgar_xbrl
RCI,2022-12-31,2023-03-10,34255000000.0,6393000000.0,1119000000.0,55655000000.0,CAD,sec_edgar_xbrl
RCI,2023-12-31,2024-03-06,41805000000.0,8581000000.0,1832000000.0,69282000000.0,CAD,sec_edgar_xbrl
RCI,2024-12-31,2025-03-06,43957000000.0,9617000000.0,2022000000.0,71411000000.0,CAD,sec_edgar_xbrl
RCI,2025-12-31,2026-03-06,39714000000.0,9820000000.0,1954000000.0,90012000000.0,CAD,sec_edgar_xbrl
TRP,2019-12-31,2020-02-13,39942000000.0,9049000000.0,2333000000.0,99279000000.0,CAD,sec_edgar_xbrl
TRP,2020-12-31,2021-02-18,39531000000.0,9363000000.0,2228000000.0,100300000000.0,CAD,sec_edgar_xbrl
TRP,2021-12-31,2022-02-15,43154000000.0,6581000000.0,2360000000.0,104218000000.0,CAD,sec_edgar_xbrl
TRP,2022-12-31,2023-02-14,47185000000.0,6669000000.0,2588000000.0,114348000000.0,CAD,sec_edgar_xbrl
TRP,2023-12-31,2024-02-16,49236000000.0,8910000000.0,3263000000.0,125034000000.0,CAD,sec_edgar_xbrl
TRP,2024-12-31,2025-02-14,47517000000.0,10773000000.0,3019000000.0,118243000000.0,CAD,sec_edgar_xbrl
TRP,2025-12-31,2026-02-13,47824000000.0,10805000000.0,3407000000.0,118751000000.0,CAD,sec_edgar_xbrl
TU,2019-06-30,2019-08-02,16462000000.0,5336000000.0,711000000.0,35753000000.0,CAD,sec_edgar_xbrl
TU,2019-12-31,2020-02-14,18039000000.0,5554000000.0,736000000.0,37975000000.0,CAD,sec_edgar_xbrl
TU,2020-06-30,2020-07-31,17647000000.0,5570000000.0,766000000.0,40308000000.0,CAD,sec_edgar_xbrl
TU,2020-12-31,2021-02-11,19540000000.0,5494000000.0,748000000.0,43332000000.0,CAD,sec_edgar_xbrl
TU,2021-06-30,2021-07-30,17849000000.0,5638000000.0,755000000.0,46015000000.0,CAD,sec_edgar_xbrl
TU,2021-12-31,2022-02-10,20243000000.0,6290000000.0,789000000.0,47994000000.0,CAD,sec_edgar_xbrl
TU,2022-06-30,2022-08-05,21525000000.0,6540000000.0,763000000.0,48851000000.0,CAD,sec_edgar_xbrl
TU,2022-12-31,2023-02-09,24167000000.0,6406000000.0,859000000.0,54046000000.0,CAD,sec_edgar_xbrl
TU,2023-06-30,2023-08-04,26533000000.0,6453000000.0,1106000000.0,55677000000.0,CAD,sec_edgar_xbrl
TU,2023-12-31,2024-02-09,26589000000.0,6431000000.0,1286000000.0,56136000000.0,CAD,sec_edgar_xbrl
TU,2024-06-30,2024-08-02,28268000000.0,6536000000.0,1366000000.0,57311000000.0,CAD,sec_edgar_xbrl
TU,2024-12-31,2025-02-13,28907000000.0,6840000000.0,1188000000.0,58023000000.0,CAD,sec_edgar_xbrl
TU,2025-06-30,2025-08-01,29434000000.0,6449000000.0,1102000000.0,60628000000.0,CAD,sec_edgar_xbrl
TU,2025-12-31,2026-02-12,28838000000.0,6422000000.0,1038000000.0,59613000000.0,CAD,sec_edgar_xbrl
