date,n,r2,adj_r2,rmse,b_log_t,b_rating,b_leverage_nb,b_coverage_nb,b_log_size,b_premium,b_log_age,b_callable
2023-01-31,94,0.905792313695242,0.8931546972397257,13.762041009252206,77.04834805240212,6.617432206535948,-0.1292666028661742,-1.6099181730366112,0.11510182523567636,0.783127826040507,12.391871290131308,
2023-02-28,92,0.9470055425185413,0.9397188046148407,11.190506190745145,86.9886354137106,-0.9026819747991119,-104.314638396429,-57.41259152846975,0.010214255933576055,0.9741769549743033,11.777554955494942,
2023-03-31,92,0.9574623963384936,0.9516134758350365,9.366849607513272,86.36956246796423,2.5226928072531543,44.00017510961213,23.613369665084342,-3.5877011516892807,0.745863558491227,10.14251369103313,
2023-04-28,95,0.9514355287643314,0.9449992735403271,9.954689609328309,85.61760834667214,-0.1903420179611155,53.53020353641779,28.79945101325891,-6.735558897683914,0.7636695093046815,9.807243792435871,
2023-05-31,96,0.8918719599095271,0.8791510140165303,13.135861546064326,79.08278854224842,1.5199726597112448,9.51283061964158,4.276147186670038,-4.975244765258459,0.5783156965234526,8.047725370857716,
2023-06-30,98,0.9024934911803826,0.8912858464884725,13.245774047622994,80.39946701169332,1.3935335029370854,7.974923188338497,3.0274361661623974,-7.46485359988553,0.5598532388073307,7.8798183899758065,
2023-07-31,99,0.8960743514407105,0.8842646186498822,13.661934047431666,76.97730883771165,0.5866325600018429,8.744857788284568,3.4680679434123123,-8.300181340065777,0.6206957171959151,8.176470418367115,
2023-08-31,99,0.9191214895252429,0.9099307496985659,12.12171212161447,79.88339649323565,5.442247646745708,18.82193624477422,8.764133657162173,-5.824877851410472,0.7032177793570037,8.477157215440476,
2023-09-29,105,0.9304336530058259,0.9230329777936798,11.223413029798133,82.95626759168732,7.6788635755323575,18.153860415736222,8.386234366984556,-3.749516612061379,1.00536433391965,7.533281052802626,
2023-10-31,104,0.9287015910741333,0.9210350954907067,11.657706587530134,84.13065215422834,8.411454673389901,17.29100703486928,7.7613767727907526,-4.5178803247148185,1.023584148953931,8.122034076467246,
2023-11-30,107,0.9286942627378416,0.9212665817730334,12.00078510593402,81.77986827113293,9.53440817288993,18.247884371785208,8.34516021952641,-3.3949244221102894,1.2303138141140462,8.38199262798932,
2023-12-29,108,0.9270435334500225,0.9195222482386847,12.673599766853926,81.28303816279129,10.682185586609297,16.711930092891038,7.407307552861722,-5.699746991382007,1.3311454106334566,9.528484410777395,
2024-01-31,109,0.9113207698441353,0.9022718688078226,12.845717280056776,69.79602418868797,9.211350481727266,0.02719228427614695,-1.33293881824864,-5.952924514241758,1.6005291516569489,11.69150439878915,
2024-02-29,111,0.9226676573872533,0.9149344231259786,11.999286027995865,71.33016924523463,8.279718243197589,1.6906103193377913,-0.02723832662885517,-4.324707937397452,1.6308650445632644,10.941337569188644,
2024-03-29,110,0.9296552206803776,0.9217593781036854,11.906602272970986,70.80043105975663,9.781578405271674,-2.155424261127692,-1.9205103629291074,-4.916019534262329,1.671725640624635,11.141797182232253,38.025685430209975
2024-04-30,110,0.9119502705858878,0.902067137692467,12.520865843362909,67.67518861837354,8.838341705853725,-0.3045807094849593,-0.7787652235835765,-3.563736668342342,1.742732033857035,11.314720892733904,47.57845945378605
2024-05-31,107,0.9154701393417408,0.9056824712655214,12.300814635398392,67.46198920511303,8.187534089937872,2.977718556917539,2.585997873566785,-3.0232320963574963,1.7492788392524559,9.784426268657812,47.5452409270479
2024-06-28,107,0.9244645202201693,0.9157183067719784,11.628632323992406,69.01592332024134,8.726925185613078,3.8327167598892213,3.757400832014585,-1.7146767611995593,1.7416710648981801,9.93524680920757,51.4969407222002
2024-07-31,105,0.9242998603030539,0.915346080338899,11.297990726535525,64.30840945692988,9.883193964941281,2.1657937528419335,2.6151304843410026,-1.570437133837534,1.707331474204346,11.020885673098164,59.24210331616999
2024-08-30,107,0.9286560520280214,0.9203951738417923,10.872435375463953,64.97299724409629,10.955015955229474,2.7347539418188864,2.5558608267330944,-1.2458127373340004,1.6691357131878797,9.580327397589263,57.24859598389912
2024-09-30,108,0.921875344278561,0.9129235608104794,11.207949957731863,56.924488772997,12.207185729522642,3.015811640516117,1.8845981849862845,-1.56154086518473,1.7530845483032556,8.0788568854271,31.750570290069778
2024-10-31,111,0.9104601712432735,0.900511301381415,10.417172714390096,51.09017001234968,9.870083565956605,-2.2006087812716935,-0.9726973077425334,-1.9623929757999887,1.7837121194324654,7.9955084619065975,25.2840978413711
2024-11-29,109,0.9128780274221988,0.902998216098943,10.35453984280976,47.00669671195861,7.107738273155334,-3.9724651429369002,-2.657165280418834,-2.8903043324639306,1.9476414225778595,9.246681318253891,18.195283707403657
2024-12-31,110,0.9171918105597292,0.9078970137858212,9.27421804263078,42.3098508099598,5.190243367218111,-6.680426906304503,-4.072440647020763,-2.4301336190464067,1.958874834583507,9.936951613118287,18.02903305333229
2025-01-31,107,0.9222630416822261,0.9132619201927996,8.882441007710781,39.92260493405665,6.502308131605545,-5.199213257505356,-2.7764965044219774,-2.1274232693052326,2.0237180114408515,9.227000929428275,18.27440300779055
2025-02-28,112,0.9158176671488865,0.906557610535264,9.575783448666899,38.36025011405425,6.2240307867226115,-2.630318242891857,-0.9488016860560351,-2.319979634056626,1.883512660737042,6.415257036141366,16.01615549479336
2025-03-31,110,0.9059215999884319,0.8953617795789702,9.887209779112812,41.63128421533538,8.132138094895693,-1.1647529510522565,0.0012749075660005715,-2.0941989806548547,1.9281067729279215,5.9809956005,14.569652593436105
2025-04-30,108,0.9087645653182725,0.8983105050943246,10.049349203983809,41.84256220587163,8.267905487418622,-0.1385373753649599,1.6531598843863415,-2.380886777562262,2.0254256136235305,6.1072841900047505,12.902489857766458
2025-05-30,110,0.9051396207098387,0.894492027116045,9.893944221299925,40.97741591597733,7.367477756801354,-0.9944333989624772,1.1126562572558318,-2.52571836961458,2.1367435386713516,5.8991800982792215,14.216801565841598
2025-06-30,107,0.8964848152549992,0.8844988464950518,10.213901593920292,37.59063562519715,6.426971037447366,-1.5670775680282336,0.15331594231785228,-2.7694392723746315,2.4594644538286827,5.26938390303388,17.96522456752801
2025-07-31,105,0.8791028454474061,0.8648031820057015,10.814020434229393,36.439582726474484,6.537367181841115,-2.4439754298111973,-0.8158832251994497,-3.9721122302089475,2.496027477752533,4.470627558042251,19.42818482343528
2025-08-29,104,0.8936163937850318,0.8808966147810682,10.375910319882232,34.80020859849459,6.466504533023552,-0.04864056801630667,0.6193980418517935,-2.621529478119104,2.749797465543413,4.32927369736293,19.35086755921627
2025-09-30,104,0.8989258612450091,0.8868409098721297,10.14665003442445,30.90941817597844,6.982639742130027,1.1983394551577469,1.0851826331458225,-0.7787693862684097,2.7523659816927997,5.369422269322704,17.926082769768144
2025-10-31,102,0.9076212615898304,0.896330526895254,9.369193810495362,28.504229243792942,4.774963976688252,0.43058570962455534,0.5806172151721658,-1.2438871431453897,2.7664879543991665,3.7253865058170117,17.244330611138153
2025-11-28,100,0.8957268327528203,0.8826926868469228,9.786084052114548,26.5890218773651,5.500040007715409,0.14468076173530386,-0.5551662382613509,-3.1006207223272515,2.7991533828500756,3.965968038899584,17.075947974027173
2025-12-31,101,0.8886457147749376,0.8748828255898176,9.121725592338873,23.78300346513707,6.696922937540335,0.9693446136111881,0.16757564724131235,-3.3775362399523985,2.745469474537826,3.9885024910778313,17.24094455203071
2026-01-30,101,0.8846449553921191,0.8703875903282237,8.905639024115585,21.432177955677503,6.890507330829552,1.0996650569692443,0.08733856648595761,-5.65106534055415,2.7065253519050505,2.2046728361325334,14.951672375937434
2026-02-27,103,0.8804043647478056,0.8659477494975403,9.361533491061847,18.36898375832113,6.323503959498323,0.2038804205953464,-0.5289351614070621,-5.435021691967751,2.9742787911861184,-1.3347438744156825,15.857043463483622
2026-03-31,103,0.8744836585571728,0.8593113535476002,9.363029468551927,24.887065183327152,2.7153035061144273,-1.7056216298317686,-2.318758153635626,-4.453314011175697,3.020543677650122,-0.503653129415822,17.71340670032371
2026-04-30,106,0.8779146754815447,0.8636280949527892,9.300356288506903,25.820500751134624,2.6406712525558573,-1.6661312809649744,-2.055661535500085,-4.873340336528974,3.028275808365033,0.4928836866919122,18.289946548178378
2026-05-29,102,0.8902749813207584,0.8768641457044067,8.779101395570454,25.20385046252405,5.961556750155064,-0.97058627985052,-1.9465383233638454,-4.872563354670401,2.910287316984186,0.4196589688335468,18.024157957282227
2026-06-30,108,0.9064379998351018,0.8957173539828739,7.836217872862972,25.51950328393361,4.979244958615869,-1.0782758735878373,-1.4067239699164373,-4.378730967944847,2.875682609768445,-0.7914288439447184,18.009325572676623
2026-07-31,109,0.892867085786814,0.880717992422432,8.2207049336076,29.407166972349266,5.087197885555368,-1.302352178504027,-1.369070284188287,-4.173020678933627,2.81671741276996,-0.9963381942031608,17.734121132173357
2026-08-31,108,0.9165680602584954,0.907008150496448,7.308008866599694,35.06725308892772,3.548882101240369,-0.061856086493283335,-0.5325369797080832,-4.244300500985167,2.629327706059513,-1.0720725641523372,15.895531318847873
2026-09-30,105,0.8895207686151493,0.8764533326448981,7.545947697441787,36.31289515772039,4.33269812836527,0.8093439135260665,-0.4934439544450293,-2.7348503310511703,2.2883158300000455,-0.04217889096522942,13.94652281927767
