long,short,gap_bp,curves_agree,carry_bp_yr,roll_bp,expected_bp,stop_bp
Rogers Communications 3.75% Apr-2029,TELUS 2.05% Oct-2030,21.754265949142933,True,11.940079310657788,4.731011898268282,24.072060058999913,28.17008639052456
Pembina Pipeline 3.62% Apr-2029,TransCanada PipeLines 3.00% Sep-2029,21.31196995295406,True,7.925708145438765,-5.153973105384459,9.940905543686569,30.405597844647723
Rogers Communications 3.25% May-2029,TELUS 2.05% Oct-2030,21.30495299295481,True,10.722222116735697,4.427734916533186,22.315450090713778,25.087855989698866
Bell Canada 4.55% Feb-2030,Bell Canada 3.00% Mar-2031,20.62772499112883,True,9.597091240821706,3.9573978755285584,20.365060735799226,20.046855436223844
Pembina Pipeline 3.62% Apr-2029,TransCanada PipeLines 5.28% Jul-2030,19.92811888217024,True,2.5390508443109323,-0.2700984058206153,8.712874708602236,28.277010446360787
Rogers Communications 3.75% Apr-2029,Rogers Communications 5.80% Sep-2030,16.405412809024106,True,1.0084052067923308,5.833580199694259,11.439728986782164,21.839107190199083
Rogers Communications 3.25% May-2029,Rogers Communications 5.80% Sep-2030,15.956099852835985,True,-0.20945198712975852,5.530303217959164,9.683119018496031,18.498608303859342
Bell Canada 4.55% Feb-2030,Rogers Communications 5.80% Sep-2030,15.658435485678172,True,-0.3538565345330227,6.0603835097904,9.912794915092922,23.21579759694844
Enbridge Inc 3.52% Feb-2029,TransCanada PipeLines 3.00% Sep-2029,13.843362250931907,True,6.450002131729029,1.1025392450002727,10.80756630710995,16.172878742565633
Enbridge Inc 3.52% Feb-2029,TransCanada PipeLines 5.28% Jul-2030,12.459511180148088,True,1.0633448306012023,5.9864139445641165,9.579535472025624,22.260968843016965
