date,tenor_years,yield
2023-01-31,2.0,3.76
2023-01-31,3.0,3.49
2023-01-31,5.0,3.04
2023-01-31,7.0,2.88
2023-01-31,10.0,2.92
2023-01-31,30.0,2.98
2023-02-28,2.0,4.21
2023-02-28,3.0,3.94
2023-02-28,5.0,3.52
2023-02-28,7.0,3.34
2023-02-28,10.0,3.33
2023-02-28,30.0,3.2
2023-03-31,2.0,3.74
2023-03-31,3.0,3.51
2023-03-31,5.0,3.02
2023-03-31,7.0,2.86
2023-03-31,10.0,2.9
2023-03-31,30.0,3.02
2023-04-28,2.0,3.65
2023-04-28,3.0,3.51
2023-04-28,5.0,2.97
2023-04-28,7.0,2.81
2023-04-28,10.0,2.84
2023-04-28,30.0,2.96
2023-05-31,2.0,4.22
2023-05-31,3.0,3.84
2023-05-31,5.0,3.44
2023-05-31,7.0,3.22
2023-05-31,10.0,3.18
2023-05-31,30.0,3.14
2023-06-30,2.0,4.58
2023-06-30,3.0,4.21
2023-06-30,5.0,3.68
2023-06-30,7.0,3.38
2023-06-30,10.0,3.26
2023-06-30,30.0,3.09
2023-07-31,2.0,4.67
2023-07-31,3.0,4.41
2023-07-31,5.0,3.9
2023-07-31,7.0,3.61
2023-07-31,10.0,3.49
2023-07-31,30.0,3.29
2023-08-31,2.0,4.64
2023-08-31,3.0,4.4
2023-08-31,5.0,3.89
2023-08-31,7.0,3.67
2023-08-31,10.0,3.56
2023-08-31,30.0,3.38
2023-09-29,2.0,4.87
2023-09-29,3.0,4.64
2023-09-29,5.0,4.25
2023-09-29,7.0,4.11
2023-09-29,10.0,4.03
2023-09-29,30.0,3.81
2023-10-31,2.0,4.63
2023-10-31,3.0,4.5
2023-10-31,5.0,4.12
2023-10-31,7.0,4.06
2023-10-31,10.0,4.05
2023-10-31,30.0,3.85
2023-11-30,2.0,4.2
2023-11-30,3.0,4.03
2023-11-30,5.0,3.64
2023-11-30,7.0,3.57
2023-11-30,10.0,3.56
2023-11-30,30.0,3.36
2023-12-29,2.0,3.88
2023-12-29,3.0,3.67
2023-12-29,5.0,3.17
2023-12-29,7.0,3.09
2023-12-29,10.0,3.1
2023-12-29,30.0,3.02
2024-01-31,2.0,4.0
2024-01-31,3.0,3.77
2024-01-31,5.0,3.43
2024-01-31,7.0,3.32
2024-01-31,10.0,3.35
2024-01-31,30.0,3.27
2024-02-29,2.0,4.18
2024-02-29,3.0,3.93
2024-02-29,5.0,3.57
2024-02-29,7.0,3.49
2024-02-29,10.0,3.48
2024-02-29,30.0,3.35
2024-03-28,2.0,4.17
2024-03-28,3.0,3.91
2024-03-28,5.0,3.51
2024-03-28,7.0,3.45
2024-03-28,10.0,3.45
2024-03-28,30.0,3.34
2024-04-30,2.0,4.34
2024-04-30,3.0,4.23
2024-04-30,5.0,3.87
2024-04-30,7.0,3.81
2024-04-30,10.0,3.82
2024-04-30,30.0,3.68
2024-05-31,2.0,4.17
2024-05-31,3.0,4.04
2024-05-31,5.0,3.67
2024-05-31,7.0,3.63
2024-05-31,10.0,3.62
2024-05-31,30.0,3.47
2024-06-28,2.0,3.99
2024-06-28,3.0,3.83
2024-06-28,5.0,3.51
2024-06-28,7.0,3.49
2024-06-28,10.0,3.5
2024-06-28,30.0,3.39
2024-07-31,2.0,3.46
2024-07-31,3.0,3.35
2024-07-31,5.0,3.09
2024-07-31,7.0,3.11
2024-07-31,10.0,3.18
2024-07-31,30.0,3.22
2024-08-30,2.0,3.33
2024-08-30,3.0,3.23
2024-08-30,5.0,3.03
2024-08-30,7.0,3.07
2024-08-30,10.0,3.16
2024-08-30,30.0,3.26
2024-09-27,2.0,2.91
2024-09-27,3.0,2.84
2024-09-27,5.0,2.73
2024-09-27,7.0,2.81
2024-09-27,10.0,2.95
2024-09-27,30.0,3.13
2024-10-31,2.0,3.07
2024-10-31,3.0,3.03
2024-10-31,5.0,3.02
2024-10-31,7.0,3.13
2024-10-31,10.0,3.22
2024-10-31,30.0,3.28
2024-11-29,2.0,3.02
2024-11-29,3.0,2.98
2024-11-29,5.0,2.93
2024-11-29,7.0,3.01
2024-11-29,10.0,3.07
2024-11-29,30.0,3.13
2024-12-31,2.0,2.93
2024-12-31,3.0,2.87
2024-12-31,5.0,2.96
2024-12-31,7.0,3.07
2024-12-31,10.0,3.23
2024-12-31,30.0,3.33
2025-01-31,2.0,2.66
2025-01-31,3.0,2.64
2025-01-31,5.0,2.74
2025-01-31,7.0,2.92
2025-01-31,10.0,3.07
2025-01-31,30.0,3.24
2025-02-28,2.0,2.57
2025-02-28,3.0,2.55
2025-02-28,5.0,2.6
2025-02-28,7.0,2.76
2025-02-28,10.0,2.9
2025-02-28,30.0,3.12
2025-03-31,2.0,2.46
2025-03-31,3.0,2.47
2025-03-31,5.0,2.61
2025-03-31,7.0,2.78
2025-03-31,10.0,2.97
2025-03-31,30.0,3.23
2025-04-30,2.0,2.47
2025-04-30,3.0,2.5
2025-04-30,5.0,2.67
2025-04-30,7.0,2.85
2025-04-30,10.0,3.07
2025-04-30,30.0,3.42
2025-05-30,2.0,2.59
2025-05-30,3.0,2.61
2025-05-30,5.0,2.8
2025-05-30,7.0,2.98
2025-05-30,10.0,3.2
2025-05-30,30.0,3.47
2025-06-30,2.0,2.59
2025-06-30,3.0,2.62
2025-06-30,5.0,2.83
2025-06-30,7.0,3.01
2025-06-30,10.0,3.28
2025-06-30,30.0,3.56
2025-07-31,2.0,2.76
2025-07-31,3.0,2.77
2025-07-31,5.0,3.01
2025-07-31,7.0,3.2
2025-07-31,10.0,3.45
2025-07-31,30.0,3.75
2025-08-29,2.0,2.64
2025-08-29,3.0,2.64
2025-08-29,5.0,2.88
2025-08-29,7.0,3.08
2025-08-29,10.0,3.38
2025-08-29,30.0,3.82
2025-09-29,2.0,2.47
2025-09-29,3.0,2.47
2025-09-29,5.0,2.74
2025-09-29,7.0,2.87
2025-09-29,10.0,3.17
2025-09-29,30.0,3.61
2025-10-31,2.0,2.4
2025-10-31,3.0,2.4
2025-10-31,5.0,2.7
2025-10-31,7.0,2.84
2025-10-31,10.0,3.12
2025-10-31,30.0,3.58
2025-11-28,2.0,2.41
2025-11-28,3.0,2.4
2025-11-28,5.0,2.72
2025-11-28,7.0,2.86
2025-11-28,10.0,3.14
2025-11-28,30.0,3.59
2025-12-31,2.0,2.58
2025-12-31,3.0,2.57
2025-12-31,5.0,2.96
2025-12-31,7.0,3.11
2025-12-31,10.0,3.42
2025-12-31,30.0,3.85
2026-01-30,2.0,2.56
2026-01-30,3.0,2.47
2026-01-30,5.0,2.93
2026-01-30,7.0,3.07
2026-01-30,10.0,3.42
2026-01-30,30.0,3.88
2026-02-27,2.0,2.39
2026-02-27,3.0,2.34
2026-02-27,5.0,2.67
2026-02-27,7.0,2.8
2026-02-27,10.0,3.13
2026-02-27,30.0,3.63
2026-03-31,2.0,2.82
2026-03-31,3.0,2.87
2026-03-31,5.0,3.09
2026-03-31,7.0,3.24
2026-03-31,10.0,3.46
2026-03-31,30.0,3.88
2026-04-30,2.0,2.96
2026-04-30,3.0,3.04
2026-04-30,5.0,3.2
2026-04-30,7.0,3.35
2026-04-30,10.0,3.56
2026-04-30,30.0,3.93
2026-05-29,2.0,2.77
2026-05-29,3.0,2.86
2026-05-29,5.0,3.05
2026-05-29,7.0,3.19
2026-05-29,10.0,3.41
2026-05-29,30.0,3.79
2026-06-30,2.0,2.74
2026-06-30,3.0,2.84
2026-06-30,5.0,3.01
2026-06-30,7.0,3.14
2026-06-30,10.0,3.38
2026-06-30,30.0,3.77
2026-07-31,2.0,2.91
2026-07-31,3.0,3.04
2026-07-31,5.0,3.27
2026-07-31,7.0,3.4
2026-07-31,10.0,3.65
2026-07-31,30.0,4.04
2026-08-31,2.0,3.01
2026-08-31,3.0,3.1
2026-08-31,5.0,3.33
2026-08-31,7.0,3.47
2026-08-31,10.0,3.73
2026-08-31,30.0,4.14
2026-09-29,2.0,3.37
2026-09-29,3.0,3.47
2026-09-29,5.0,3.69
2026-09-29,7.0,3.77
2026-09-29,10.0,3.99
2026-09-29,30.0,4.3
