isin,issuer,coupon,maturity,amount_outstanding,source
CA779926WF74,Royal Bank of Canada,3.57,2031-12-09,,
CA06418Y4L93,Bank of Nova Scotia,3.62,2032-01-30,,
CA13607QQT27,Canadian Imperial Bank of Commerce,3.65,2032-01-13,,
CA89116C7J09,Toronto-Dominion Bank,3.69,2032-01-09,,
CA06418YXB96,Bank of Nova Scotia,3.73,2031-06-27,,
CA89116WMS93,Toronto-Dominion Bank,4.13,2032-09-11,,
CA89117GRJ80,Toronto-Dominion Bank,4.68,2029-01-08,,
CA89116C3S44,Toronto-Dominion Bank,3.61,2031-09-10,,
CA89116CWY97,Toronto-Dominion Bank,4.13,2033-01-09,,
CA780086XL38,Royal Bank of Canada,4.63,2028-05-01,,
CA89117F3M90,Toronto-Dominion Bank,2.67,2025-09-09,,
CA89116CQ341,Toronto-Dominion Bank,3.84,2031-05-29,,
CA779926WD27,Royal Bank of Canada,3.83,2030-03-27,,
CA779926QY38,Royal Bank of Canada,3.41,2029-06-12,,
CA06368MJ219,Bank of Montreal,3.54,2032-03-03,,
CA06415GDE76,Bank of Nova Scotia,2.95,2027-03-08,,
CA06418MX742,Bank of Nova Scotia,3.81,2028-11-15,,
CA06368LB887,Bank of Montreal,4.54,2028-12-18,,
CA89116WDV24,Toronto-Dominion Bank,3.86,2032-04-07,,
CA779926QX54,Royal Bank of Canada,3.98,2031-07-22,,
CA06368L5G77,Bank of Montreal,4.42,2029-07-17,,
CA064164QM14,Bank of Nova Scotia,4.68,2029-02-01,,
CA13607QH885,Canadian Imperial Bank of Commerce,3.7,2030-04-02,,
CA89117F7G86,Toronto-Dominion Bank,4.21,2027-06-01,,
CA06368LNK84,Bank of Montreal,5.04,2028-05-29,,
CA13607Q4G46,Canadian Imperial Bank of Commerce,3.78,2032-06-18,,
CA06368LEY89,Bank of Montreal,4.71,2027-12-07,,
CA779926FY56,Royal Bank of Canada,3.63,2028-12-10,,
CA13607HK276,Canadian Imperial Bank of Commerce,2.75,2025-03-07,,
CA780086UT90,Royal Bank of Canada,3.37,2025-09-29,,
CA06368MT200,Bank of Montreal,4.17,2034-06-15,,
CA13607LF997,Canadian Imperial Bank of Commerce,3.8,2030-12-10,,
CA06419FSD10,Bank of Nova Scotia,3.58,2030-05-01,,
CA06368D3U60,Bank of Montreal,4.31,2027-06-01,,
CA89117GTQ06,Toronto-Dominion Bank,4.48,2028-01-18,,
CA89116WEY53,Toronto-Dominion Bank,3.77,2030-04-13,,
CA06368MRF37,Bank of Montreal,3.73,2031-06-03,,
CA63306AHP45,National Bank of Canada,5.22,2028-06-14,,
CA89117GX510,Toronto-Dominion Bank,5.49,2028-09-08,,
CA780086WG51,Royal Bank of Canada,4.64,2028-01-17,,
CA63306AHT66,National Bank of Canada,5.02,2029-02-01,,
CA779926DJ08,Royal Bank of Canada,4.0,2030-10-17,,
CA89116CST58,Toronto-Dominion Bank,4.0,2030-10-31,,
CA89117F7H69,Toronto-Dominion Bank,5.38,2027-10-21,,
CA780086VK72,Royal Bank of Canada,4.61,2027-07-26,,
CA89353ZCN65,TransCanada PipeLines,5.28,2030-07-15,,
CA07813ZCK80,Bell Canada,5.85,2032-11-10,,
CA13607L4C41,Canadian Imperial Bank of Commerce,3.65,2028-12-10,,
CA06415FFT45,Bank of Nova Scotia,1.85,2026-11-02,,
CA89353ZCF32,TransCanada PipeLines,3.8,2027-04-05,,
CA780086RQ98,Royal Bank of Canada,2.33,2027-01-28,,
CA13607HV661,Canadian Imperial Bank of Commerce,4.95,2027-06-29,,
CA63306AJW77,National Bank of Canada,3.68,2031-06-23,,
CA06418MM430,Bank of Nova Scotia,3.84,2030-09-26,,
CA13607H5C22,Canadian Imperial Bank of Commerce,5.05,2027-10-07,,
CA13607P5X87,Canadian Imperial Bank of Commerce,3.9,2031-06-20,,
CA06368DW260,Bank of Montreal,3.65,2027-04-01,,
CA06368MS392,Bank of Montreal,3.8,2032-07-09,,
CA780086U931,Royal Bank of Canada,4.26,2026-12-21,,
CA780086ZH08,Royal Bank of Canada,5.23,2030-06-24,,
CA06415E4E25,Bank of Nova Scotia,1.4,2027-11-01,,
CA44810ZCW82,Hydro One Inc,3.9,2033-11-21,,
CA06419FSG41,Bank of Nova Scotia,4.09,2034-05-01,,
CA13607GPJ71,Canadian Imperial Bank of Commerce,2.0,2025-04-17,,
CA87971MBX08,TELUS,5.25,2032-11-15,,
CA89117FJ347,Toronto-Dominion Bank,1.9,2028-09-11,,
CA13596Z3Y90,Canadian Imperial Bank of Commerce,3.3,2025-05-26,,
CA07813ZCR34,Bell Canada,5.15,2034-08-24,,
CA89117FVY29,Toronto-Dominion Bank,1.94,2025-03-13,,
CA07813ZCG78,Bell Canada,3.0,2031-03-17,,
CA775109BV27,Rogers Communications,4.25,2032-04-15,,
CA89117FYZ66,Toronto-Dominion Bank,1.13,2025-12-09,,
CA89117FZ442,Toronto-Dominion Bank,2.26,2027-01-07,,
CA89353ZCQ96,TransCanada PipeLines,4.58,2035-02-20,,
CA63306AJH01,National Bank of Canada,3.44,2031-10-21,,
CA44810ZCS70,Hydro One Inc,4.25,2035-01-04,,
CA63306AJF45,National Bank of Canada,3.52,2029-07-17,,
CA07813ZCL63,Bell Canada,4.55,2030-02-09,,
CA13607HC349,Canadian Imperial Bank of Commerce,2.25,2027-01-07,,
CA780086VV38,Royal Bank of Canada,5.24,2026-11-02,,
CA63306AJV94,National Bank of Canada,3.63,2030-04-13,,
CA89117FA338,Toronto-Dominion Bank,1.89,2028-03-08,,
CA06415EV939,Bank of Nova Scotia,2.16,2025-02-03,,
CA63306AJG28,National Bank of Canada,3.54,2031-01-13,,
CA89116CDM60,Toronto-Dominion Bank,4.23,2029-04-02,,
CA89117G8T70,Toronto-Dominion Bank,4.52,2027-01-29,,
CA775109DA61,Rogers Communications,5.9,2033-09-21,,
CA775109BT70,Rogers Communications,3.75,2029-04-15,,
CA13607LPY34,Canadian Imperial Bank of Commerce,5.5,2028-01-14,,
CA780086TY05,Royal Bank of Canada,1.83,2028-07-31,,
CA89117F8V45,Toronto-Dominion Bank,4.34,2026-01-27,,
CA775109BK61,Rogers Communications,3.65,2027-03-31,,
CA07813ZBZ68,Bell Canada,3.35,2025-03-12,,
CA29251ZBW64,Enbridge Inc,6.1,2032-11-09,,
CA87971MBJ14,TELUS,3.3,2029-05-02,,
CA89117GK301,Toronto-Dominion Bank,5.42,2026-07-10,,
CA29251ZCL90,Enbridge Inc,4.35,2036-02-26,,
CA29251ZBU09,Enbridge Inc,3.1,2033-09-21,,
CA06368DCV43,Bank of Montreal,2.37,2025-02-03,,
CA63306AGE07,National Bank of Canada,2.58,2025-02-03,,
CA775109CV18,Rogers Communications,5.7,2028-09-21,,
CA29251ZCK18,Enbridge Inc,3.57,2031-02-26,,
CA87971MCC51,TELUS,5.75,2033-09-08,,
CA29251ZBS52,Enbridge Inc,2.99,2029-10-03,,
CA29251ZBK27,Enbridge Inc,3.2,2027-06-08,,
CA89353ZCK27,TransCanada PipeLines,5.33,2032-05-12,,
CA780086RZ97,Royal Bank of Canada,1.94,2025-05-01,,
CA07813ZCQ50,Bell Canada,5.25,2029-03-15,,
CA29251ZCG06,Enbridge Inc,3.9,2030-02-25,,
CA29251ZCD74,Enbridge Inc,4.73,2034-08-22,,
CA29251ZCH88,Enbridge Inc,4.56,2035-02-25,,
CA70632ZAV37,Pembina Pipeline,5.02,2032-01-12,,
CA775109BU44,Rogers Communications,3.1,2025-04-15,,
CA87971MCE18,TELUS,4.8,2028-12-15,,
CA06368DTH75,Bank of Montreal,1.55,2026-05-28,,
CA13607L3Y79,Canadian Imperial Bank of Commerce,4.9,2027-04-02,,
CA11291ZAF41,Brookfield Infrastructure Finance,3.41,2029-10-09,,
CA064164JA58,Bank of Nova Scotia,5.5,2025-12-29,,
CA13607LSJ30,Canadian Imperial Bank of Commerce,5.0,2026-12-07,,
CA70632ZAM38,Pembina Pipeline,3.62,2029-04-03,,
CA63306AJM95,National Bank of Canada,3.31,2028-08-15,,
CA89353ZCT36,TransCanada PipeLines,4.61,2036-06-24,,
CA13607GRU09,Canadian Imperial Bank of Commerce,1.1,2026-01-19,,
CA87971MCF82,TELUS,4.95,2031-02-18,,
CA780086ZE76,Royal Bank of Canada,5.34,2026-06-23,,
CA780086WE04,Royal Bank of Canada,4.11,2025-12-22,,
CA89353ZCE66,TransCanada PipeLines,3.0,2029-09-18,,
CA87971MCH49,TELUS,4.65,2031-08-13,,
CA06415GH297,Bank of Nova Scotia,5.5,2026-05-08,,
CA44810ZCR97,Hydro One Inc,4.39,2034-03-01,,
CA44810ZCK45,Hydro One Inc,3.93,2029-11-30,,
CA07813ZCE21,Bell Canada,2.5,2030-05-14,,
CA29251ZCQ87,Enbridge Inc,3.52,2029-02-22,,
CA29251ZCC91,Enbridge Inc,4.21,2030-02-22,,
CA70632ZAS08,Pembina Pipeline,3.53,2031-12-10,,
CA87971MBV42,TELUS,2.85,2031-11-13,,
CA775109BJ98,Rogers Communications,3.25,2029-05-01,,
CA44810ZCJ71,Hydro One Inc,4.91,2028-01-27,,
CA70632ZAW10,Pembina Pipeline,5.21,2034-01-12,,
CA63306AHB58,National Bank of Canada,2.24,2026-11-04,,
CA11291ZAE75,Brookfield Infrastructure Finance,4.19,2028-09-11,,
CA780086TM66,Royal Bank of Canada,1.59,2026-05-04,,
CA349553AT43,Fortis Inc,4.09,2032-03-26,,
CA29251ZBZ95,Enbridge Inc,5.36,2033-05-26,,
CA87971MCG65,TELUS,5.1,2034-02-15,,
CA87971MBN26,TELUS,3.15,2030-02-19,,
CA63306AJB31,National Bank of Canada,3.64,2027-10-07,,
CA89353ZBY30,TransCanada PipeLines,3.3,2025-07-17,,
CA44810ZBZ23,Hydro One Inc,3.02,2029-04-05,,
CA775109CW90,Rogers Communications,5.8,2030-09-21,,
CA63306AHK57,National Bank of Canada,5.3,2025-11-03,,
CA11291ZAM91,Brookfield Infrastructure Finance,5.71,2030-07-27,,
CA87971MCB78,TELUS,5.6,2030-09-09,,
CA87971MBG74,TELUS,3.63,2028-03-01,,
CA349553AS69,Fortis Inc,4.17,2031-09-09,,
CA13607HVV19,Canadian Imperial Bank of Commerce,1.7,2026-07-15,,
CA89353ZCA45,TransCanada PipeLines,3.39,2028-03-15,,
CA70632ZAY75,Pembina Pipeline,5.22,2033-06-28,,
CA44810ZAP59,Hydro One Inc,5.36,2036-05-20,,
CA29251ZCA36,Enbridge Inc,4.9,2028-05-26,,
CA70632ZAK71,Pembina Pipeline,4.02,2028-03-27,,
CA06419FD621,Bank of Nova Scotia,4.23,2031-09-24,,
CA775109CP40,Rogers Communications,4.4,2028-11-02,,
CA44810ZCT53,Hydro One Inc,3.94,2032-08-25,,
CA11291ZAG24,Brookfield Infrastructure Finance,2.86,2032-09-01,,
CA07813ZCF95,Bell Canada,1.65,2027-08-16,,
CA87971MCA95,TELUS,4.95,2033-03-28,,
CA07813ZCC64,Bell Canada,2.9,2029-09-10,,
CA89353ZCH97,TransCanada PipeLines,2.97,2031-06-09,,
CA07813ZBL72,Bell Canada,6.17,2037-02-26,,
CA07813ZCJ18,Bell Canada,2.2,2028-05-29,,
CA349553AP21,Fortis Inc,2.18,2028-05-15,,
CA63306AHX78,National Bank of Canada,4.98,2027-03-18,,
CA87971MBS13,TELUS,2.05,2030-10-07,,
CA63306AGT75,National Bank of Canada,1.53,2026-06-15,,
CA70632ZAQ42,Pembina Pipeline,3.31,2030-02-01,,
CA349553AQ04,Fortis Inc,4.43,2029-05-31,,
CA44810ZCL28,Hydro One Inc,4.16,2033-01-27,,
CA11291ZAH07,Brookfield Infrastructure Finance,5.44,2034-04-25,,
CA87971MBQ56,TELUS,2.35,2028-01-27,,
CA44810ZCG33,Hydro One Inc,2.23,2031-09-17,,
CA07813ZBT09,Bell Canada,3.55,2026-03-02,,
CA06368DPC25,Bank of Montreal,1.76,2026-03-10,,
CA349553AR86,Fortis Inc,5.68,2033-11-08,,
CA70632ZAF86,Pembina Pipeline,4.24,2027-06-15,,
CA07813ZBV54,Bell Canada,2.9,2026-08-12,,
CA44810ZCU27,Hydro One Inc,4.3,2035-08-24,,
CA44810ZCC29,Hydro One Inc,2.16,2030-02-28,,
CA87971MBC60,TELUS,3.75,2026-03-10,,
CA44810ZAB63,Hydro One Inc,6.93,2032-06-01,,
CA87971MBL69,TELUS,2.75,2026-07-08,,
CA29251ZBY21,Enbridge Inc,5.7,2027-11-09,,
CA44810ZCF59,Hydro One Inc,1.69,2031-01-16,,
CA29251ZCS44,Enbridge Inc,2.82,2031-05-12,,
CA87971MBZ55,TELUS,5.0,2029-09-13,,
CA11291ZAP23,Brookfield Infrastructure Finance,3.7,2031-01-06,,
CA11291ZAQ06,Brookfield Infrastructure Finance,4.53,2035-09-24,,
CA44810ZAD20,Hydro One Inc,6.35,2034-01-31,,
CA89353ZCM82,TransCanada PipeLines,5.42,2026-03-10,,
CA775109CU35,Rogers Communications,5.65,2026-09-21,,
CA29251ZBT36,Enbridge Inc,2.44,2025-06-02,,
CA63306AHU30,National Bank of Canada,4.97,2026-12-07,,
CA70632ZAE12,Pembina Pipeline,3.54,2025-02-03,,
CA775109CS88,Rogers Communications,2.9,2030-12-09,,
CA07813ZAT18,Bell Canada,6.1,2035-03-16,,
CA11291ZAK36,Brookfield Infrastructure Finance,5.62,2027-11-14,,
CA44810ZBR07,Hydro One Inc,2.77,2026-02-24,,
CA44810ZAS98,Hydro One Inc,4.89,2037-03-13,,
CA07813ZAP95,Bell Canada,7.3,2032-02-23,,
CA70632ZAG69,Pembina Pipeline,3.71,2026-08-11,,
CA29251ZCF23,Enbridge Inc,3.55,2028-02-25,,
CA63306AGJ93,National Bank of Canada,1.57,2026-08-18,,
CA448810AC58,Hydro One Inc,7.35,2030-06-03,,
CA44810ZCB46,Hydro One Inc,1.76,2025-02-28,,
CA13607LBK85,Canadian Imperial Bank of Commerce,5.93,2026-07-14,,
CA44810ZBW91,Hydro One Inc,2.97,2025-06-26,,
CA70632ZAU53,Pembina Pipeline,5.73,2026-06-22,,
CA29251ZCT27,Enbridge Inc,5.08,2036-12-19,,
CA89353ZCJ53,TransCanada PipeLines,4.35,2026-05-12,,
CA06368MZS65,Bank of Montreal,3.11,2029-10-27,,
CA07813ZAL81,Bell Canada,7.85,2031-04-02,,
CA775109CM19,Rogers Communications,3.8,2027-03-01,,
CA29251ZAK36,Enbridge Inc,7.2,2032-06-18,,
CA775109CQ23,Rogers Communications,3.3,2029-12-10,,
CA11291ZAL19,Brookfield Infrastructure Finance,5.98,2033-02-14,,
CA89353ZAP32,TransCanada PipeLines,8.29,2026-02-05,,
CA29251ZAD92,Enbridge Inc,7.22,2030-07-24,,
CA89353ZBE75,TransCanada PipeLines,6.28,2028-05-26,,
CA89353ZBK36,TransCanada PipeLines,6.5,2030-12-09,,
CA89353ZBA53,TransCanada PipeLines,6.89,2028-08-07,,
CA29251ZAQ06,Enbridge Inc,5.57,2035-11-14,,
CA07813ZAC82,Bell Canada,6.55,2029-05-01,,
CA078149DW82,Bell Canada,7.0,2027-09-24,,
CA29251ZCR60,Enbridge Inc,6.5,2029-06-11,,
CA078149DV00,Bell Canada,7.65,2031-12-30,,
CA29251ZCP05,Enbridge Inc,6.05,2029-02-12,,
