issuer,seniority,effective_date,sp,moodys,dbrs,source,quote,notes
Bank of Montreal,senior_bail_in,2021-12-02,A-,A2,AA (low),https://www.sec.gov/Archives/edgar/data/927971/000119312521347995/d212602dex991.htm,Senior debt | 3 | A- | 3 of 10 | A2 | 3 of 9 | AA (low),filed 2021-12-03
Bank of Montreal,senior_bail_in,2022-11-30,A-,A2,AA (low),https://www.sec.gov/Archives/edgar/data/927971/000119312522296674/d359136dex991.htm,Senior debt | 3 | A- | 3 of 10 | A2 | 3 of 9 | AA (low),filed 2022-12-01
Bank of Montreal,senior_bail_in,2023-11-30,A-,A2,AA (low),https://www.sec.gov/Archives/edgar/data/927971/000119312523287420/d551461dex991.htm,Senior debt | 3 | A- | 3 of 10 | A2 | 3 of 9 | AA (low),filed 2023-12-01
Bank of Montreal,senior_bail_in,2024-12-04,A-,A2,AA (low),https://www.sec.gov/Archives/edgar/data/927971/000119312524271395/d878486dex991.htm,Senior debt | 3 | A- | 3 of 10 | A2 | 3 of 9 | AA (low),filed 2024-12-05
Bank of Montreal,senior_bail_in,2025-12-03,A-,A2,AA (low),https://www.sec.gov/Archives/edgar/data/927971/000119312525307982/d938207dex991.htm,Senior debt | 3 | A- | 3 of 10 | A2 | 3 of 9 | AA (low),filed 2025-12-04
Bank of Montreal,senior_legacy,2021-12-02,A+,Aa2,AA,https://www.sec.gov/Archives/edgar/data/927971/000119312521347995/d212602dex991.htm,Long Term Deposits / Legacy Senior Debt | 4 | A+ | 3 of 10 | Aa2 | 2 of 9 | AA,filed 2021-12-03
Bank of Montreal,senior_legacy,2022-11-30,A+,Aa2,AA,https://www.sec.gov/Archives/edgar/data/927971/000119312522296674/d359136dex991.htm,Long Term Deposits / Legacy Senior Debt | 4 | A+ | 3 of 10 | Aa2 | 2 of 9 | AA,filed 2022-12-01
Bank of Montreal,senior_legacy,2023-11-30,A+,Aa2,AA,https://www.sec.gov/Archives/edgar/data/927971/000119312523287420/d551461dex991.htm,Long Term Deposits / Legacy Senior Debt | 4 | A+ | 3 of 10 | Aa2 | 2 of 9 | AA,filed 2023-12-01
Bank of Montreal,senior_legacy,2024-12-04,A+,Aa2,AA,https://www.sec.gov/Archives/edgar/data/927971/000119312524271395/d878486dex991.htm,Long Term Deposits / Legacy Senior Debt | 4 | A+ | 3 of 10 | Aa2 | 2 of 9 | AA,filed 2024-12-05
Bank of Montreal,senior_legacy,2025-12-03,A+,Aa2,AA,https://www.sec.gov/Archives/edgar/data/927971/000119312525307982/d938207dex991.htm,Long Term Deposits / Legacy Senior Debt | 4 | A+ | 3 of 10 | Aa2 | 2 of 9 | AA,filed 2025-12-04
Bank of Nova Scotia,senior_bail_in,2021-11-30,A-,A2,AA (low),https://www.sec.gov/Archives/edgar/data/9631/000119312521343582/d164371dex991.htm,Senior Debt | (3) | A2 | 3 of 9 | A- | 3 of 10 | AA- | 2 of 10 | AA (low),"as_of from ""definition of the categories of each rating as at"" sentence; table itself undated; filed 2021-11-30"
Bank of Nova Scotia,senior_bail_in,2022-11-29,A-,A2,AA (low),https://www.sec.gov/Archives/edgar/data/9631/000119312522294230/d356389dex991.htm,Senior Debt | (3) | A2 | 3 of 9 | A- | 3 of 10 | AA- | 2 of 10 | AA (low),"as_of from ""definition of the categories of each rating as at"" sentence; table itself undated; filed 2022-11-29"
Bank of Nova Scotia,senior_bail_in,2023-11-28,A-,A2,AA (low),https://www.sec.gov/Archives/edgar/data/9631/000119312523284197/d413334dex991.htm,Senior Debt | (3) | A2 | 3 of 9 | A- | 3 of 10 | AA- | 2 of 10 | AA (low),"as_of from ""definition of the categories of each rating as at"" sentence; table itself undated; filed 2023-11-28"
Bank of Nova Scotia,senior_bail_in,2024-12-03,A-,A2,AA (low),https://www.sec.gov/Archives/edgar/data/9631/000119312524269887/d843410dex991.htm,Senior Debt | (3) | A2 | 3 of 9 | A- | 3 of 10 | AA- | 2 of 10 | AA (low),"as_of from ""definition of the categories of each rating as at"" sentence; table itself undated; filed 2024-12-03"
Bank of Nova Scotia,senior_bail_in,2025-12-02,A-,A2,AA (low),https://www.sec.gov/Archives/edgar/data/9631/000119312525304643/d936350dex991.htm,Senior Debt | (3) | AA- | 2 of 10 | A2 | 3 of 9 | AA (low) | 2 of 10 | A-,"as_of from ""definition of the categories of each rating as at"" sentence; table itself undated; filed 2025-12-02"
Bank of Nova Scotia,senior_legacy,2021-11-30,A+,Aa2,AA,https://www.sec.gov/Archives/edgar/data/9631/000119312521343582/d164371dex991.htm,Legacy Senior Debt | (2) | Aa2 | 2 of 9 | A+ | 3 of 10 | AA | 2 of 10 | AA,"as_of from ""definition of the categories of each rating as at"" sentence; table itself undated; filed 2021-11-30"
Bank of Nova Scotia,senior_legacy,2022-11-29,A+,Aa2,AA,https://www.sec.gov/Archives/edgar/data/9631/000119312522294230/d356389dex991.htm,Legacy Senior Debt | (2) | Aa2 | 2 of 9 | A+ | 3 of 10 | AA | 2 of 10 | AA,"as_of from ""definition of the categories of each rating as at"" sentence; table itself undated; filed 2022-11-29"
Bank of Nova Scotia,senior_legacy,2023-11-28,A+,Aa2,AA,https://www.sec.gov/Archives/edgar/data/9631/000119312523284197/d413334dex991.htm,Legacy Senior Debt | (2) | Aa2 | 2 of 9 | A+ | 3 of 10 | AA | 2 of 10 | AA,"as_of from ""definition of the categories of each rating as at"" sentence; table itself undated; filed 2023-11-28"
Bank of Nova Scotia,senior_legacy,2024-12-03,A+,Aa2,AA,https://www.sec.gov/Archives/edgar/data/9631/000119312524269887/d843410dex991.htm,Legacy Senior Debt | (2) | Aa2 | 2 of 9 | A+ | 3 of 10 | AA | 2 of 10 | AA,"as_of from ""definition of the categories of each rating as at"" sentence; table itself undated; filed 2024-12-03"
Bank of Nova Scotia,senior_legacy,2025-12-02,A+,Aa2,AA,https://www.sec.gov/Archives/edgar/data/9631/000119312525304643/d936350dex991.htm,Legacy Senior Debt | (2) | AA | 2 of 10 | Aa2 | 2 of 9 | AA | 2 of 10 | A+,"as_of from ""definition of the categories of each rating as at"" sentence; table itself undated; filed 2025-12-02"
Bell Canada,,2021-03-04,BBB+,Baa1,BBB (high),https://www.sec.gov/Archives/edgar/data/718940/000119312521077183/d333083dex991.htm,"This section describes the credit ratings, as of March 4, 2021 ;; Bell Canada unsubordinated long-term debt securities | DBRS | BBB (high) | 8 out of 26 | Moody’s | Baa1 | 8 out of 21 | S&P | BBB+",filed 2021-03-11
Bell Canada,,2022-03-03,BBB+,Baa1,BBB (high),https://www.sec.gov/Archives/edgar/data/718940/000119312522065246/d250764dex991.htm,"This section describes the credit ratings, as of March 3, 2022 ;; Bell Canada unsubordinated long-term debt securities | DBRS | BBB (high) | 8 out of 26 | Moody’s | Baa1 | 8 out of 21 | S&P | BBB+",filed 2022-03-04
Bell Canada,,2023-03-02,BBB+,Baa1,BBB (high),https://www.sec.gov/Archives/edgar/data/718940/000119312523059140/d451834dex991.htm,"This section describes the credit ratings, as of March 2, 2023 ;; Bell Canada unsubordinated long-term debt securities | DBRS | BBB (high) | 8 out of 26 | Moody’s | Baa1 | 8 out of 21 | S&P | BBB+",filed 2023-03-03
Bell Canada,,2024-03-07,BBB+,Baa1,BBB (high),https://www.sec.gov/Archives/edgar/data/718940/000119312524063019/d758244dex991.htm,"This section describes the credit ratings, as of March 7, 2024 ;; Bell Canada unsubordinated long-term debt securities | DBRS | BBB (high) | 8 out of 26 | Moody’s | Baa1 | 8 out of 21 | S&P | BBB+",filed 2024-03-08
Bell Canada,,2024-08-30,,Baa2,,https://www.sec.gov/Archives/edgar/data/718940/000119312525049950/d899242dex991.htm,"On August 30, 2024, Moody’s downgraded Bell Canada’s issuer rating to Baa2 from Baa1, unsubordinated long-term debt rating to Baa2 from Baa1",rating action; filed 2025-03-07
Bell Canada,,2024-09-12,BBB,,,https://www.sec.gov/Archives/edgar/data/718940/000119312525049950/d899242dex991.htm,"On September 12, 2024, S&P downgraded the issuer-credit ratings on BCE and its subsidiaries to BBB from BBB+ ;; S&P lowered Bell Canada’s unsubordinated long-term debt rating to BBB from BBB+",rating action; filed 2025-03-07
Bell Canada,,2025-03-06,BBB,Baa2,BBB (high),https://www.sec.gov/Archives/edgar/data/718940/000119312525049950/d899242dex991.htm,"This section describes the credit ratings, as of March 6, 2025 ;; Bell Canada unsubordinated long-term debt securities | DBRS | BBB (high) | 8 out of 26 | Moody’s | Baa2 | 9 out of 21 | S&P | BBB",DBRS placed ratings Under Review with Negative Implications on 2024-11-05; negative outlook from DBRS as of 2025-03-06; filed 2025-03-07
Bell Canada,,2025-05-16,,,BBB,https://www.sec.gov/Archives/edgar/data/718940/000119312526095004/d86374dex991.htm,"On May 16, 2025, DBRS downgraded Bell Canada’s issuer rating to BBB from BBB (high), its senior (unsubordinated) long-term debt rating to BBB from BBB (high)",rating action; filed 2026-03-06
Bell Canada,,2026-03-05,BBB,Baa2,BBB,https://www.sec.gov/Archives/edgar/data/718940/000119312526095004/d86374dex991.htm,"This section describes the credit ratings, as of March 5, 2026 ;; Bell Canada senior (unsubordinated) long-term debt securities | DBRS | BBB | 9 out of 26 | Moody’s | Baa2 | 9 out of 21 | S&P | BBB",S&P outlook revised to negative from stable on 2025-05-08 (ratings affirmed); filed 2026-03-06
Brookfield Infrastructure Finance,,,,,,,,
Canadian Imperial Bank of Commerce,senior_bail_in,2021-12-01,BBB+,A2,AA (low),https://www.sec.gov/Archives/edgar/data/1045520/000119312521346025/d123871dex99b3a.htm,Senior debt | (3) | AA (low) | AA- | A2 | BBB+,S&P BBB+ is as printed in source (A- in later CIBC filings); filed 2021-12-02
Canadian Imperial Bank of Commerce,senior_bail_in,2022-11-30,A-,A2,AA (low),https://www.sec.gov/Archives/edgar/data/1045520/000119312522295936/d274130dex99b3a.htm,Senior debt | (3) | AA(L) | AA- | A2 | A-,"DBRS shown as ""AA(L)"" in source; normalized to ""AA (low)""; filed 2022-12-01"
Canadian Imperial Bank of Commerce,senior_bail_in,2023-11-29,A-,A2,AA (low),https://www.sec.gov/Archives/edgar/data/1045520/000119312523285697/d533222dex99b3a.htm,Senior debt | (3) | AA(L) | AA- | A2 | A-,"DBRS shown as ""AA(L)"" in source; normalized to ""AA (low)""; filed 2023-11-30"
Canadian Imperial Bank of Commerce,senior_bail_in,2024-12-04,A-,A2,AA (low),https://www.sec.gov/Archives/edgar/data/1045520/000119312524271105/d886456dex99b3a.htm,Bail-in | senior debt | (3) | AA(L) | AA- | A2 | A-,"legacy row labeled ""Senior debt"" (non-bail-in senior debt); bail-in row labeled ""Bail-in senior debt""; DBRS shown as ""AA(L)"" in source; normalized to ""AA (low)""; filed 2024-12-05"
Canadian Imperial Bank of Commerce,senior_bail_in,2025-12-03,A-,A2,AA (low),https://www.sec.gov/Archives/edgar/data/1045520/000119312525307488/d91021dex99b3a.htm,Bail-in | senior debt | (3) | AA(L) | AA- | A2 | A-,"legacy row labeled ""Senior debt"" (non-bail-in senior debt); bail-in row labeled ""Bail-in senior debt""; DBRS shown as ""AA(L)"" in source; normalized to ""AA (low)""; filed 2025-12-04"
Canadian Imperial Bank of Commerce,senior_legacy,2021-12-01,A+,Aa2,AA,https://www.sec.gov/Archives/edgar/data/1045520/000119312521346025/d123871dex99b3a.htm,Legacy senior debt | (2) | AA | AA | Aa2 | A+,filed 2021-12-02
Canadian Imperial Bank of Commerce,senior_legacy,2022-11-30,A+,Aa2,AA,https://www.sec.gov/Archives/edgar/data/1045520/000119312522295936/d274130dex99b3a.htm,Legacy senior debt | (2) | AA | AA | Aa2 | A+,filed 2022-12-01
Canadian Imperial Bank of Commerce,senior_legacy,2023-11-29,A+,Aa2,AA,https://www.sec.gov/Archives/edgar/data/1045520/000119312523285697/d533222dex99b3a.htm,Legacy senior debt | (2) | AA | AA | Aa2 | A+,filed 2023-11-30
Canadian Imperial Bank of Commerce,senior_legacy,2024-12-04,A+,Aa2,AA,https://www.sec.gov/Archives/edgar/data/1045520/000119312524271105/d886456dex99b3a.htm,Senior debt | (2) | AA | AA | Aa2 | A+,"legacy row labeled ""Senior debt"" (non-bail-in senior debt); bail-in row labeled ""Bail-in senior debt""; filed 2024-12-05"
Canadian Imperial Bank of Commerce,senior_legacy,2025-12-03,A+,Aa2,AA,https://www.sec.gov/Archives/edgar/data/1045520/000119312525307488/d91021dex99b3a.htm,Senior debt | (2) | AA | AA | Aa2 | A+,"legacy row labeled ""Senior debt"" (non-bail-in senior debt); bail-in row labeled ""Bail-in senior debt""; filed 2025-12-04"
Enbridge Inc,,2020-07-23,,,BBB (high),https://www.sec.gov/Archives/edgar/data/895728/000089572821000010/enb-20201231.htm,"On July 23, 2020, DBRS Limited affirmed our issuer rating and medium-term notes and unsecured debentures rating of BBB (high)",rating action; affirmation (not a change); 10-K has no ratings table; filed 2021-02-12
Enbridge Inc,,2020-12-01,BBB+,,,https://www.sec.gov/Archives/edgar/data/895728/000089572821000010/enb-20201231.htm,"On December 1, 2020, Standard & Poor’s Rating Services (S&P) affirmed our corporate credit rating and senior unsecured debt rating of BBB+",rating action; affirmation (not a change); 10-K has no ratings table; filed 2021-02-12
Enbridge Inc,,2020-12-22,,Baa2,,https://www.sec.gov/Archives/edgar/data/895728/000089572821000010/enb-20201231.htm,"On December 22, 2020, Moody’s Investor Services, Inc. affirmed our issuer and senior unsecured ratings of Baa2",rating action; affirmation (not a change); 10-K has no ratings table; filed 2021-02-12
Enbridge Inc,,2021-06-01,,Baa1,,https://www.sec.gov/Archives/edgar/data/895728/000089572822000011/enb-20211231.htm,"On June 1, 2021, Moody's Investors Service (Moody's) upgraded the credit ratings of Enbridge Inc., including our senior unsecured and issuer ratings, to Baa1 from Baa2.",rating action; Moody's upgrade; 10-K has no ratings table; filed 2022-02-11
Enbridge Inc,,2024-03-29,,Baa2,,https://www.sec.gov/Archives/edgar/data/895728/000089572825000006/enb-20241231.htm,"On March 29, 2024, Moody's Investor Service (Moody's) downgraded Enbridge's credit ratings for our senior unsecured debt ratings to Baa2 from Baa1.",rating action; Moody's downgrade; 10-K has no ratings table; filed 2025-02-14
Enbridge Inc,,2024-06-28,,,A (low),https://www.sec.gov/Archives/edgar/data/895728/000089572825000006/enb-20241231.htm,"On June 28, 2024, Morningstar DBRS (DBRS) upgraded Enbridge's credit ratings for our senior unsecured debt ratings to A (low) from BBB (high).",rating action; DBRS upgrade; 10-K has no ratings table (S&P only revised outlook in June 2024); filed 2025-02-14
Fortis Inc,,2021-02-11,BBB+,Baa3,BBB (high),https://www.sec.gov/Archives/edgar/data/1666175/000166617521000007/a2020annual-991aif.htm,"Unsecured Debt | (1)(2) | BBB (high), Positive | BBB+, Negative | Baa3, Stable ;; as at February 11, 2021",Fortis Inc. unsecured debt row; table columns DBRS Morningstar | S&P | Moody's; filed 2021-02-12
Fortis Inc,,2021-05-01,,,A (low),https://www.sec.gov/Archives/edgar/data/1666175/000166617522000019/a2021annual-991aif.htm,"In May 2021, DBRS upgraded the Corporation's unsecured debt and preferred shares credit ratings to A (low) from BBB (high)","rating action; source gives month only (May 2021) - day set to 01, not stated; filed 2022-02-11"
Fortis Inc,,2022-02-10,BBB+,Baa3,A (low),https://www.sec.gov/Archives/edgar/data/1666175/000166617522000019/a2021annual-991aif.htm,"Fortis | Unsecured Debt | A (low), Stable | BBB+, Stable | Baa3, Stable ;; as at February 10, 2022",Fortis Inc. unsecured debt row; table columns DBRS Morningstar | S&P | Moody's; filed 2022-02-11
Fortis Inc,,2023-02-09,BBB+,Baa3,A (low),https://www.sec.gov/Archives/edgar/data/1666175/000166617523000014/a2022annual-991aif.htm,"Fortis | Unsecured Debt | A (low), Stable | BBB+, Stable | Baa3, Stable ;; as at February 9, 2023",Fortis Inc. unsecured debt row; table columns DBRS Morningstar | S&P | Moody's; filed 2023-02-10
Fortis Inc,,2024-02-08,BBB+,Baa3,A (low),https://www.sec.gov/Archives/edgar/data/1666175/000166617524000020/a2023annual-991aif.htm,"Fortis | Unsecured Debt | A (low), Stable | BBB+ | Baa3 ;; as at February 8, 2024",Fortis Inc. unsecured debt row; table columns DBRS Morningstar | S&P | Moody's; filed 2024-02-09
Fortis Inc,,2025-02-13,BBB+,Baa3,A (low),https://www.sec.gov/Archives/edgar/data/1666175/000166617525000017/a2024annual-991aif.htm,"Fortis | Unsecured Debt | A (low), Stable | BBB+ | Baa3 ;; as at February 13, 2025",Fortis Inc. unsecured debt row; table columns DBRS Morningstar | S&P | Moody's; filed 2025-02-14
Fortis Inc,,2026-01-01,,WR,,https://www.sec.gov/Archives/edgar/data/1666175/000166617526000013/a2025annual-991aif.htm,"In January 2026, Moody's withdrew its ratings for Fortis at the Corporation's request.","rating action; Moody's ratings withdrawn (no new rating); source gives month only (January 2026) - day set to 01, not stated; filed 2026-02-12"
Fortis Inc,,2026-02-11,BBB+,WR,A (low),https://www.sec.gov/Archives/edgar/data/1666175/000166617526000013/a2025annual-991aif.htm,"Fortis | Unsecured Debt | BBB+ | BBB+ | A (low), Stable | ___ | (1) ;; as at February 11, 2026 ;; In January 2026, Moody's withdrew its ratings for Fortis at the Corporation's request.",Fortis Inc. unsecured debt row; 2026 table columns S&P | Fitch | Morningstar DBRS | Moody's; Moody's blank because Moody's withdrew Fortis ratings in January 2026 at the Corporation's request; filed 2026-02-12
Hydro One Inc,,,,,,,,
National Bank of Canada,senior_bail_in,,,,,,,
Pembina Pipeline,,2021-02-25,BBB,,BBB,https://www.sec.gov/Archives/edgar/data/1546066/000162828021003332/aifppcq42020.htm,S&P has confirmed a rating of 'BBB' to each issued senior unsecured note ;; DBRS has confirmed a debt rating of 'BBB' to each issued senior unsecured note,Not rated by Moody's (no Moody's mention in AIF); no explicit as-of date stated for ratings; filed 2021-02-25
Pembina Pipeline,,2021-04-28,,,BBB (high),https://www.sec.gov/Archives/edgar/data/1546066/000162828022003875/aifppcq42021.htm,Apr 28 | DBRS upgraded its rating to 'BBB (high)' in respect of Pembina's Medium Term Notes ;; Developments in 2021,rating action; DBRS upgrade of senior unsecured MTNs; year 2021 from 'Developments in 2021' heading; filed 2022-02-25
Pembina Pipeline,,2022-02-25,BBB,,BBB (high),https://www.sec.gov/Archives/edgar/data/1546066/000162828022003875/aifppcq42021.htm,S&P has confirmed a rating of 'BBB' to each issued senior unsecured note ;; DBRS has confirmed a debt rating of 'BBB (high)' to each issued senior unsecured note,Not rated by Moody's (no Moody's mention in AIF); no explicit as-of date stated for ratings; filed 2022-02-25
Pembina Pipeline,,2023-02-23,BBB,,BBB (high),https://www.sec.gov/Archives/edgar/data/1546066/000162828023004885/aifppcq42022.htm,S&P has assigned a rating of 'BBB' to each issued senior unsecured note ;; DBRS has assigned a debt rating of 'BBB (high)' to each issued senior unsecured note,Not rated by Moody's (no Moody's mention in AIF); no explicit as-of date stated for ratings; filed 2023-02-23
Pembina Pipeline,,2024-02-23,BBB,,BBB (high),https://www.sec.gov/Archives/edgar/data/1546066/000162828024006460/aifppcq42023.htm,S&P has assigned a rating of 'BBB' to each issued senior unsecured note ;; DBRS has assigned a debt rating of 'BBB (high)' to each issued senior unsecured note,Not rated by Moody's (no Moody's mention in AIF); no explicit as-of date stated for ratings; filed 2024-02-23
Pembina Pipeline,,2025-02-27,BBB,,BBB (high),https://www.sec.gov/Archives/edgar/data/1546066/000154606625000007/aifppcq42024.htm,S&P has assigned a rating of 'BBB' to each issued senior unsecured note ;; DBRS has assigned a debt rating of 'BBB (high)' to each issued senior unsecured note,Not rated by Moody's (no Moody's mention in AIF); no explicit as-of date stated for ratings; filed 2025-02-27
Pembina Pipeline,,2026-02-27,BBB,,BBB (high),https://www.sec.gov/Archives/edgar/data/1546066/000154606626000014/aifppcq42025.htm,S&P has assigned a rating of 'BBB' to each issued senior unsecured note ;; DBRS has assigned a debt rating of 'BBB (high)' to each issued senior unsecured note,Not rated by Moody's (no Moody's mention in AIF); no explicit as-of date stated for ratings; filed 2026-02-27
Rogers Communications,,2020-12-31,BBB+,Baa1,,https://www.sec.gov/Archives/edgar/data/733099/000073309921000006/rci-12312020xaif.htm,"senior notes and debentures (long-term) and US CP (short-term) as at December 31, 2020 ;; Senior unsecured debt | 1 | BBB+ with a stable outlook | Baa1 with a stable outlook","DBRS not among engaged agencies (S&P, Moody's, Fitch); stable outlooks; footnote: unchanged for the year; filed 2021-03-05"
Rogers Communications,,2021-12-31,BBB+,Baa1,,https://www.sec.gov/Archives/edgar/data/733099/000073309922000006/rci-12312021xaif.htm,"senior and subordinated notes and debentures (long-term) and US CP (short-term) as at December 31, 2021 ;; Senior unsecured debt | BBB+ Rating Watch Negative | Baa1 under review","DBRS not among engaged agencies; S&P CreditWatch negative, Moody's review for downgrade (Shaw transaction); filed 2022-03-04"
Rogers Communications,,2022-12-31,BBB+,Baa1,BBB (high),https://www.sec.gov/Archives/edgar/data/733099/000073309923000006/rci-12312022xaif.htm,"senior and subordinated notes and debentures (long-term) and US CP (short-term) as at December 31, 2022 ;; Senior unsecured debt | BBB+ CreditWatch Negative | Baa1 under review | BBB+ Rating Watch Negative | BBB (high), Under Review with Negative Implications",columns S&P|Moody's|Fitch|DBRS; all under review (Shaw transaction); filed 2023-03-10
Rogers Communications,,2023-12-31,BBB-,Baa3,BBB (low),https://www.sec.gov/Archives/edgar/data/733099/000073309924000006/rci-12312023xaif.htm,"senior and subordinated notes and debentures (long-term) and US CP (short-term) as at December 31, 2023 ;; Senior unsecured debt | BBB- (outlook negative) | Baa3 (stable) | BBB- (stable) | BBB (low) (stable)",columns S&P|Moody's|Fitch|DBRS; S&P outlook negative; no dated rating-action sentences in AIF; filed 2024-03-06
Rogers Communications,,2024-12-31,BBB-,Baa3,BBB (low),https://www.sec.gov/Archives/edgar/data/733099/000073309925000006/rci-12312024xaif.htm,"senior and subordinated notes and debentures (long-term) and US CP (short-term) as at December 31, 2024 ;; Senior unsecured debt | BBB- (stable) | Baa3 (stable) | BBB- (stable) | BBB (low) (stable)",columns S&P|Moody's|Fitch|DBRS; filed 2025-03-06
Rogers Communications,,2025-12-31,BBB-,Baa3,BBB (low),https://www.sec.gov/Archives/edgar/data/733099/000073309926000009/rci-12312025xaif.htm,"senior and subordinated notes and debentures (long-term) and US CP (short-term) as at December 31, 2025 ;; Senior unsecured debt | BBB- | Baa3 | BBB (low)","columns S&P|Moody's|DBRS; outlooks S&P negative, Moody's stable, DBRS positive; filed 2026-03-06"
Royal Bank of Canada,senior_bail_in,2021-11-30,A,A2,AA,https://www.sec.gov/Archives/edgar/data/1000275/000119312521344339/d372408dex1.htm,Standard & Poor’s | Legacy Senior Long-term Debt | 1 | AA- | 4 of 21 | Senior Long-term Debt | 2 | A ;; Moody’s Investors Service | Legacy Senior Long-term Debt | 1 | Aa2 | 3 of 21 | Senior Long-term Debt | 2 | A2 ;; DBRS | Legacy Senior Long-term Debt | 1 | AA (high) | 2 of 26 | Senior Long-term Debt | 2 | AA,filed 2021-12-01
Royal Bank of Canada,senior_bail_in,2022-11-29,A,A1,AA,https://www.sec.gov/Archives/edgar/data/1000275/000119312522294864/d358828dex1.htm,Standard & Poor’s | Legacy Senior Long-term Debt | 1 | AA- | 4 of 22 | Senior Long-term Debt | 2 | A ;; Moody’s Investors Service | Legacy Senior Long-term Debt | 1 | Aa1 | 2 of 21 | Senior Long-term Debt | 2 | A1 ;; DBRS | Legacy Senior Long-term Debt | 1 | AA (high) | 2 of 26 | Senior Long-term Debt | 2 | AA,filed 2022-11-30
Royal Bank of Canada,senior_bail_in,2023-11-29,A,A1,AA,https://www.sec.gov/Archives/edgar/data/1000275/000119312523285639/d519293dex1.htm,Standard & Poor’s | Legacy Senior Long-term Debt | 1 | AA- | 4 of 22 | Senior Long-term Debt | 2 | A ;; Moody’s Investors Service | Legacy Senior Long-term Debt | 1 | Aa1 | 2 of 21 | Senior Long-term Debt | 2 | A1 ;; DBRS | Legacy Senior Long-term Debt | 1 | AA (high) | 2 of 23 | Senior Long-term Debt | 2 | AA,filed 2023-11-30
Royal Bank of Canada,senior_bail_in,2024-12-03,A,A1,AA,https://www.sec.gov/Archives/edgar/data/1000275/000119312524270294/d848219dex1.htm,"S&P Global Ratings | ǂ | Legacy Senior Long-term Debt | 1 | AA- | 4 of 22 | Senior Long-term Debt | 2 | A ;; Moody’s Investors Service, Inc. | ǂ | Legacy Senior Long-term Debt | 1 | Aa1 | 2 of 21 | Senior Long-term Debt | 2 | A1 ;; DBRS | ǂ | Legacy Senior Long-term Debt | 1 | AA (high) | 2 of 23 | Senior Long-term Debt | 2 | AA",filed 2024-12-04
Royal Bank of Canada,senior_bail_in,2025-12-02,A,A1,AA,https://www.sec.gov/Archives/edgar/data/1000275/000119312525305927/d95203dex1.htm,"S&P Global Ratings | ǂ | Legacy Senior Long-term Debt | 1 | AA- | 4 of 22 | Senior Long-term Debt | 2 | A ;; Moody’s Investors Service, Inc. | ǂ | Legacy Senior Long-term Debt | 1 | Aa1 | 2 of 21 | Senior Long-term Debt | 2 | A1 ;; DBRS | ǂ | Legacy Senior Long-term Debt | 1 | AA (high) | 2 of 22 | Senior Long-term Debt | 2 | AA",filed 2025-12-03
Royal Bank of Canada,senior_legacy,2021-11-30,AA-,Aa2,AA (high),https://www.sec.gov/Archives/edgar/data/1000275/000119312521344339/d372408dex1.htm,Standard & Poor’s | Legacy Senior Long-term Debt | 1 | AA- | 4 of 21 | Senior Long-term Debt | 2 | A ;; Moody’s Investors Service | Legacy Senior Long-term Debt | 1 | Aa2 | 3 of 21 | Senior Long-term Debt | 2 | A2 ;; DBRS | Legacy Senior Long-term Debt | 1 | AA (high) | 2 of 26 | Senior Long-term Debt | 2 | AA,filed 2021-12-01
Royal Bank of Canada,senior_legacy,2022-11-29,AA-,Aa1,AA (high),https://www.sec.gov/Archives/edgar/data/1000275/000119312522294864/d358828dex1.htm,Standard & Poor’s | Legacy Senior Long-term Debt | 1 | AA- | 4 of 22 | Senior Long-term Debt | 2 | A ;; Moody’s Investors Service | Legacy Senior Long-term Debt | 1 | Aa1 | 2 of 21 | Senior Long-term Debt | 2 | A1 ;; DBRS | Legacy Senior Long-term Debt | 1 | AA (high) | 2 of 26 | Senior Long-term Debt | 2 | AA,filed 2022-11-30
Royal Bank of Canada,senior_legacy,2023-11-29,AA-,Aa1,AA (high),https://www.sec.gov/Archives/edgar/data/1000275/000119312523285639/d519293dex1.htm,Standard & Poor’s | Legacy Senior Long-term Debt | 1 | AA- | 4 of 22 | Senior Long-term Debt | 2 | A ;; Moody’s Investors Service | Legacy Senior Long-term Debt | 1 | Aa1 | 2 of 21 | Senior Long-term Debt | 2 | A1 ;; DBRS | Legacy Senior Long-term Debt | 1 | AA (high) | 2 of 23 | Senior Long-term Debt | 2 | AA,filed 2023-11-30
Royal Bank of Canada,senior_legacy,2024-12-03,AA-,Aa1,AA (high),https://www.sec.gov/Archives/edgar/data/1000275/000119312524270294/d848219dex1.htm,"S&P Global Ratings | ǂ | Legacy Senior Long-term Debt | 1 | AA- | 4 of 22 | Senior Long-term Debt | 2 | A ;; Moody’s Investors Service, Inc. | ǂ | Legacy Senior Long-term Debt | 1 | Aa1 | 2 of 21 | Senior Long-term Debt | 2 | A1 ;; DBRS | ǂ | Legacy Senior Long-term Debt | 1 | AA (high) | 2 of 23 | Senior Long-term Debt | 2 | AA",filed 2024-12-04
Royal Bank of Canada,senior_legacy,2025-12-02,AA-,Aa1,AA (high),https://www.sec.gov/Archives/edgar/data/1000275/000119312525305927/d95203dex1.htm,"S&P Global Ratings | ǂ | Legacy Senior Long-term Debt | 1 | AA- | 4 of 22 | Senior Long-term Debt | 2 | A ;; Moody’s Investors Service, Inc. | ǂ | Legacy Senior Long-term Debt | 1 | Aa1 | 2 of 21 | Senior Long-term Debt | 2 | A1 ;; DBRS | ǂ | Legacy Senior Long-term Debt | 1 | AA (high) | 2 of 22 | Senior Long-term Debt | 2 | AA",filed 2025-12-03
TELUS,,2021-02-11,BBB+,Baa1,BBB (high),https://www.sec.gov/Archives/edgar/data/868675/000110465921020238/tm2037775d1_ex99-3.htm,TELUS Corporation | Notes | BBB (high) | BBB+ | Baa1,table columns DBRS|S&P|Moody's|Fitch; TELUS Corporation Notes row; AIF gives no as-of date for ratings; filed 2021-02-11
TELUS,,2022-02-10,BBB+,Baa1,BBB (high),https://www.sec.gov/Archives/edgar/data/868675/000110465922017430/tu-20211231xex99d3.htm,"As of February 10, 2022, TELUS Corporation credit ratings respectively received a ‘stable’ outlook from Fitch and a ‘negative’ trend or outlook from each of DBRS, Moody’s and S&P ;; TELUS Corporation | ​ | ​ | ​ | ​ | ​ | ​ | ​ | ​ | ​ | Notes | ​ | BBB (high) | ​ | BBB+ | ​ | Baa1","table columns DBRS|S&P|Moody's|Fitch; TELUS Corporation Notes row; negative outlook/trend from DBRS, Moody's and S&P; filed 2022-02-10"
TELUS,,2023-02-09,BBB,Baa1,BBB,https://www.sec.gov/Archives/edgar/data/868675/000110465923014893/tu-20221231xex99d3.htm,"As of February 9, 2023, DBRS, S&P and Fitch rate TELUS as BBB (or equivalent) with a stable outlook, while Moody | ’ | s rates TELUS as Baa1 with a negative outlook ;; TELUS Corporation | ​ | ​ | ​ | ​ | ​ | ​ | ​ | ​ | ​ | Notes | ​ | BBB | ​ | BBB | ​ | Baa1",table columns DBRS|S&P|Moody's|Fitch; TELUS Corporation Notes row; Moody's negative outlook; others stable; filed 2023-02-09
TELUS,,2024-02-06,BBB,Baa2,BBB,https://www.sec.gov/Archives/edgar/data/868675/000110465924012582/tu-20231231xex99d3.htm,"As of February 6, 2024, DBRS, S&P, Moody | ’ | s and Fitch rate TELUS as BBB (or equivalent) with a stable outlook ;; TELUS Corporation | ​ | ​ | ​ | ​ | ​ | ​ | ​ | ​ | ​ | Notes | ​ | BBB | ​ | BBB | ​ | Baa2",table columns DBRS|S&P|Moody's|Fitch; TELUS Corporation Notes row; all stable; no dated rating-action sentences in AIF; filed 2024-02-09
TELUS,,2025-02-12,BBB,Baa2,BBB,https://www.sec.gov/Archives/edgar/data/868675/000110465925012533/tu-20241231xex99d3.htm,"As of February 12, 2025, DBRS, S&P and Moody | ’ | s rate TELUS as BBB (or equivalent) with a stable outlook ;; TELUS Corporation | ​ | ​ | ​ | ​ | ​ | ​ | Notes | ​ | BBB | ​ | BBB | ​ | Baa2",table columns DBRS|S&P|Moody's; TELUS Corporation Notes row; stable outlooks; filed 2025-02-13
TELUS,,2026-02-12,BBB-,Baa2,BBB,https://www.sec.gov/Archives/edgar/data/868675/000110465926013854/tu-20251231xex99d3.htm,"As of February 12, 2026, DBRS rated TELUS as BBB with a stable outlook, S&P rated TELUS as BBB- with a stable outlook, and Moody’s rated TELUS as Baa2 with a negative outlook ;; TELUS Corporation | ​ | ​ | ​ | ​ | ​ | ​ | Notes | ​ | BBB | ​ | BBB- | ​ | Baa2","table columns DBRS|S&P|Moody's; TELUS Corporation Notes row; S&P/DBRS stable, Moody's negative; no dated rating-action sentences in AIF; filed 2026-02-12"
Toronto-Dominion Bank,senior_bail_in,2021-10-31,A,A1,AA,https://www.sec.gov/Archives/edgar/data/947263/000119312521346760/d206742dex991.htm,Standard & Poor’s | Legacy Senior Debt | 1 | AA- | 4 of 22 | Senior Debt | 2 | A ;; Moody’s Investor Service | Legacy Senior Debt | 1 | Aa2 | 3 of 21 | Senior Debt | 2 | A1 ;; DBRS | Legacy Senior Debt | 1 | AA (high) | 2 of 26 | Senior Debt | 2 | AA,filed 2021-12-02
Toronto-Dominion Bank,senior_bail_in,2022-10-31,A,A1,AA,https://www.sec.gov/Archives/edgar/data/947263/000119312522296446/d404924dex991.htm,Standard & Poor’s | Legacy Senior Debt | 1 | AA- | 4 of 22 | Senior Debt | 2 | A ;; Moody’s Investor Service | Legacy Senior Debt | 1 | Aa2 | 3 of 21 | Senior Debt | 2 | A1 ;; DBRS Morningstar | Legacy Senior Debt | 1 | AA (high) | 2 of 26 | Senior Debt | 2 | AA,filed 2022-12-01
Toronto-Dominion Bank,senior_bail_in,2023-10-31,A,A1,AA,https://www.sec.gov/Archives/edgar/data/947263/000119312523286395/d553441dex991.htm,Standard & Poor’s | Legacy Senior Debt | 1 | AA- | 4 of 22 | Senior Debt | 2 | A ;; Moody’s Investor Service | Legacy Senior Debt | 1 | Aa2 | 3 of 21 | Senior Debt | 2 | A1 ;; DBRS Morningstar | Legacy Senior Debt | 1 | AA (high) | 2 of 23 | Senior Debt | 2 | AA,filed 2023-11-30
Toronto-Dominion Bank,senior_bail_in,2024-10-31,A-,A2,AA,https://www.sec.gov/Archives/edgar/data/947263/000156276224000281/ex992.htm,Senior Debt | 4 | A2 | A- | AA- | AA,"file is the Annual Report MD&A (ex99.2), not the AIF; ratings taken from MD&A TABLE 51: CREDIT RATINGS, as at fiscal year-end; filed 2024-12-06"
Toronto-Dominion Bank,senior_bail_in,2025-10-31,A-,A2,AA (low),https://www.sec.gov/Archives/edgar/data/947263/000156276225000289/ex992.htm,Senior Debt | 4 | A2 | A- | AA- | AA (low),"file is the Annual Report MD&A (ex99.2), not the AIF; ratings taken from MD&A TABLE 51: CREDIT RATINGS, as at fiscal year-end; filed 2025-12-04"
Toronto-Dominion Bank,senior_legacy,2021-10-31,AA-,Aa2,AA (high),https://www.sec.gov/Archives/edgar/data/947263/000119312521346760/d206742dex991.htm,Standard & Poor’s | Legacy Senior Debt | 1 | AA- | 4 of 22 | Senior Debt | 2 | A ;; Moody’s Investor Service | Legacy Senior Debt | 1 | Aa2 | 3 of 21 | Senior Debt | 2 | A1 ;; DBRS | Legacy Senior Debt | 1 | AA (high) | 2 of 26 | Senior Debt | 2 | AA,filed 2021-12-02
Toronto-Dominion Bank,senior_legacy,2022-10-31,AA-,Aa2,AA (high),https://www.sec.gov/Archives/edgar/data/947263/000119312522296446/d404924dex991.htm,Standard & Poor’s | Legacy Senior Debt | 1 | AA- | 4 of 22 | Senior Debt | 2 | A ;; Moody’s Investor Service | Legacy Senior Debt | 1 | Aa2 | 3 of 21 | Senior Debt | 2 | A1 ;; DBRS Morningstar | Legacy Senior Debt | 1 | AA (high) | 2 of 26 | Senior Debt | 2 | AA,filed 2022-12-01
Toronto-Dominion Bank,senior_legacy,2023-10-31,AA-,Aa2,AA (high),https://www.sec.gov/Archives/edgar/data/947263/000119312523286395/d553441dex991.htm,Standard & Poor’s | Legacy Senior Debt | 1 | AA- | 4 of 22 | Senior Debt | 2 | A ;; Moody’s Investor Service | Legacy Senior Debt | 1 | Aa2 | 3 of 21 | Senior Debt | 2 | A1 ;; DBRS Morningstar | Legacy Senior Debt | 1 | AA (high) | 2 of 23 | Senior Debt | 2 | AA,filed 2023-11-30
Toronto-Dominion Bank,senior_legacy,2024-10-31,A+,Aa3,AA (high),https://www.sec.gov/Archives/edgar/data/947263/000156276224000281/ex992.htm,Legacy Senior Debt | 3 | Aa3 | A+ | AA | AA (high),"file is the Annual Report MD&A (ex99.2), not the AIF; ratings taken from MD&A TABLE 51: CREDIT RATINGS, as at fiscal year-end; filed 2024-12-06"
Toronto-Dominion Bank,senior_legacy,2025-10-31,A+,Aa2,AA,https://www.sec.gov/Archives/edgar/data/947263/000156276225000289/ex992.htm,Legacy Senior Debt | 3 | Aa2 | A+ | AA | AA,"file is the Annual Report MD&A (ex99.2), not the AIF; ratings taken from MD&A TABLE 51: CREDIT RATINGS, as at fiscal year-end; filed 2025-12-04"
TransCanada PipeLines,,2021-02-18,BBB+,Baa1,A (low),https://www.sec.gov/Archives/edgar/data/1232384/000123238421000018/a12312020tceaifenglish.htm,TCPL - Senior unsecured debt | Baa1 | BBB+ | A- | A (low),TCPL senior unsecured debt row of ratings table (columns Moody's | S&P | Fitch | DBRS); table described as 'current credit ratings' with no explicit as-of date stated; filed 2021-02-18
TransCanada PipeLines,,2022-02-15,BBB+,Baa1,A (low),https://www.sec.gov/Archives/edgar/data/1232384/000123238422000014/a12312021tceaifenglish.htm,TCPL - Senior unsecured debt | Baa1 | BBB+ | A- | A (low),TCPL senior unsecured debt row of ratings table (columns Moody's | S&P | Fitch | DBRS); table described as 'current credit ratings' with no explicit as-of date stated; filed 2022-02-15
TransCanada PipeLines,,2023-02-14,BBB+,Baa1,A (low),https://www.sec.gov/Archives/edgar/data/1232384/000123238423000021/a12312022tceaifenglish.htm,TCPL - Senior unsecured debt | Baa1 | BBB+ | A- | A (low),TCPL senior unsecured debt row of ratings table (columns Moody's | S&P | Fitch | DBRS); table described as 'current credit ratings' with no explicit as-of date stated; filed 2023-02-14
TransCanada PipeLines,,2024-02-16,BBB+,Baa2,BBB (high),https://www.sec.gov/Archives/edgar/data/1232384/000123238424000015/a12312023tceaifenglish.htm,TCPL - Senior unsecured debt | Baa2 | BBB+ | BBB+ | BBB (high),TCPL senior unsecured debt row of ratings table (columns Moody's | S&P | Fitch | DBRS); table described as 'current credit ratings' with no explicit as-of date stated; filed 2024-02-16
TransCanada PipeLines,,2025-02-14,BBB+,Baa2,BBB (high),https://www.sec.gov/Archives/edgar/data/1232384/000123238425000018/a12312024tceaifenglish.htm,TCPL - Senior unsecured debt | Baa2 | BBB+ | BBB+ | BBB (high),TCPL senior unsecured debt row of ratings table (columns Moody's | S&P | Fitch | DBRS); table described as 'current credit ratings' with no explicit as-of date stated; filed 2025-02-14
TransCanada PipeLines,,2026-02-13,BBB+,Baa2,BBB (high),https://www.sec.gov/Archives/edgar/data/1232384/000123238426000015/a12312025tceaifenglish.htm,TCPL - Senior unsecured debt | Baa2 | BBB+ | BBB+ | BBB (high),TCPL senior unsecured debt row of ratings table (columns Moody's | S&P | Fitch | DBRS); table described as 'current credit ratings' with no explicit as-of date stated; filed 2026-02-13
