date,2,3,5,7,10
2023-01-03,4.02,3.78,3.34,3.18,3.21
2023-01-04,3.99,3.73,3.28,3.12,3.14
2023-01-05,4.03,3.77,3.32,3.16,3.17
2023-01-06,3.97,3.69,3.24,3.06,3.09
2023-01-09,3.93,3.66,3.22,3.05,3.08
2023-01-10,3.93,3.67,3.23,3.06,3.11
2023-01-11,3.87,3.6,3.13,2.96,3.01
2023-01-12,3.79,3.51,3.02,2.85,2.89
2023-01-13,3.67,3.49,3.0,2.84,2.89
2023-01-16,3.57,3.41,2.95,2.79,2.85
2023-01-17,3.56,3.38,2.93,2.78,2.85
2023-01-18,3.47,3.24,2.8,2.65,2.72
2023-01-19,3.51,3.26,2.82,2.68,2.75
2023-01-20,3.59,3.35,2.92,2.77,2.84
2023-01-23,3.66,3.41,2.97,2.82,2.88
2023-01-24,3.64,3.37,2.93,2.78,2.84
2023-01-25,3.56,3.3,2.88,2.73,2.79
2023-01-26,3.62,3.35,2.95,2.81,2.85
2023-01-27,3.68,3.42,3.01,2.86,2.89
2023-01-30,3.74,3.47,3.04,2.89,2.92
2023-01-31,3.76,3.49,3.04,2.88,2.92
2023-02-01,3.66,3.38,2.93,2.78,2.85
2023-02-02,3.66,3.38,2.92,2.77,2.83
2023-02-03,3.81,3.54,3.05,2.89,2.93
2023-02-06,3.94,3.64,3.17,3.01,3.04
2023-02-07,3.96,3.65,3.2,3.04,3.08
2023-02-08,3.92,3.61,3.16,2.99,3.02
2023-02-09,3.98,3.67,3.2,3.04,3.06
2023-02-10,4.09,3.76,3.31,3.14,3.15
2023-02-13,4.07,3.75,3.27,3.1,3.1
2023-02-14,4.19,3.87,3.39,3.21,3.19
2023-02-15,4.17,3.87,3.43,3.25,3.27
2023-02-16,4.14,3.87,3.45,3.28,3.29
2023-02-17,4.15,3.87,3.45,3.28,3.29
2023-02-21,4.23,3.96,3.58,3.42,3.43
2023-02-22,4.2,3.94,3.54,3.37,3.37
2023-02-23,4.2,3.94,3.5,3.33,3.32
2023-02-24,4.28,4.02,3.59,3.4,3.39
2023-02-27,4.26,3.99,3.57,3.39,3.37
2023-02-28,4.21,3.94,3.52,3.34,3.33
2023-03-01,4.27,4.01,3.59,3.44,3.41
2023-03-02,4.3,4.04,3.66,3.49,3.48
2023-03-03,4.22,3.97,3.55,3.35,3.34
2023-03-06,4.25,4.0,3.58,3.38,3.36
2023-03-07,4.32,4.06,3.57,3.35,3.32
2023-03-08,4.29,4.02,3.5,3.29,3.25
2023-03-09,4.15,3.88,3.37,3.19,3.17
2023-03-10,3.97,3.69,3.19,3.0,2.99
2023-03-13,3.54,3.31,2.9,2.73,2.76
2023-03-14,3.72,3.48,3.01,2.85,2.87
2023-03-15,3.5,3.28,2.85,2.73,2.77
2023-03-16,3.73,3.51,3.05,2.88,2.9
2023-03-17,3.54,3.32,2.89,2.74,2.77
2023-03-20,3.62,3.39,2.96,2.78,2.81
2023-03-21,3.7,3.46,2.97,2.85,2.88
2023-03-22,3.49,3.25,2.77,2.65,2.7
2023-03-23,3.43,3.22,2.75,2.67,2.74
2023-03-24,3.42,3.22,2.77,2.67,2.74
2023-03-27,3.61,3.4,2.96,2.84,2.9
2023-03-28,3.69,3.48,3.0,2.88,2.93
2023-03-29,3.75,3.53,3.05,2.9,2.93
2023-03-30,3.76,3.53,3.06,2.9,2.93
2023-03-31,3.74,3.51,3.02,2.86,2.9
2023-04-03,3.65,3.42,2.94,2.79,2.84
2023-04-04,3.55,3.33,2.85,2.71,2.77
2023-04-05,3.54,3.32,2.87,2.72,2.78
2023-04-06,3.61,3.39,2.9,2.73,2.79
2023-04-10,3.76,3.53,3.04,2.84,2.89
2023-04-11,3.78,3.56,3.06,2.87,2.91
2023-04-12,3.78,3.55,3.04,2.85,2.88
2023-04-13,3.81,3.59,3.11,2.93,2.96
2023-04-14,3.81,3.69,3.21,3.0,3.03
2023-04-17,3.88,3.75,3.26,3.06,3.08
2023-04-18,3.86,3.73,3.23,3.03,3.05
2023-04-19,3.88,3.74,3.24,3.03,3.05
2023-04-20,3.79,3.66,3.15,2.95,2.97
2023-04-21,3.73,3.6,3.1,2.9,2.93
2023-04-24,3.73,3.6,3.08,2.89,2.92
2023-04-25,3.57,3.44,2.92,2.75,2.79
2023-04-26,3.62,3.48,2.98,2.81,2.85
2023-04-27,3.73,3.6,3.09,2.92,2.95
2023-04-28,3.65,3.51,2.97,2.81,2.84
2023-05-01,3.78,3.63,3.1,2.95,2.98
2023-05-02,3.63,3.48,2.95,2.78,2.82
2023-05-03,3.56,3.41,2.87,2.71,2.76
2023-05-04,3.55,3.4,2.88,2.74,2.79
2023-05-05,3.7,3.55,3.02,2.87,2.9
2023-05-08,3.76,3.61,3.08,2.93,2.96
2023-05-09,3.77,3.62,3.08,2.92,2.95
2023-05-10,3.68,3.54,2.99,2.86,2.89
2023-05-11,3.65,3.5,2.94,2.79,2.82
2023-05-12,3.73,3.57,3.0,2.86,2.87
2023-05-15,3.8,3.64,3.08,2.94,2.95
2023-05-16,3.95,3.79,3.21,3.05,3.05
2023-05-17,4.04,3.86,3.29,3.11,3.09
2023-05-18,4.08,3.73,3.36,3.19,3.18
2023-05-19,3.99,3.64,3.29,3.11,3.11
2023-05-23,4.11,3.76,3.41,3.22,3.23
2023-05-24,4.16,3.81,3.46,3.27,3.26
2023-05-25,4.23,3.87,3.52,3.32,3.3
2023-05-26,4.3,3.94,3.57,3.35,3.33
2023-05-29,4.32,3.96,3.59,3.35,3.33
2023-05-30,4.24,3.87,3.5,3.28,3.25
2023-05-31,4.22,3.84,3.44,3.22,3.18
2023-06-01,4.2,3.82,3.41,3.2,3.16
2023-06-02,4.29,3.9,3.49,3.27,3.23
2023-06-05,4.33,3.93,3.52,3.3,3.26
2023-06-06,4.38,3.98,3.55,3.32,3.28
2023-06-07,4.6,4.18,3.73,3.5,3.44
2023-06-08,4.53,4.12,3.7,3.46,3.4
2023-06-09,4.49,4.08,3.68,3.43,3.38
2023-06-12,4.45,4.05,3.64,3.4,3.34
2023-06-13,4.56,4.17,3.76,3.52,3.47
2023-06-14,4.55,4.15,3.72,3.46,3.41
2023-06-15,4.49,4.08,3.64,3.39,3.33
2023-06-16,4.56,4.14,3.68,3.43,3.35
2023-06-19,4.62,4.2,3.75,3.49,3.41
2023-06-20,4.58,4.16,3.69,3.42,3.34
2023-06-21,4.63,4.22,3.74,3.47,3.38
2023-06-22,4.74,4.33,3.84,3.55,3.45
2023-06-23,4.66,4.25,3.76,3.46,3.36
2023-06-26,4.61,4.2,3.7,3.4,3.3
2023-06-27,4.59,4.19,3.69,3.4,3.31
2023-06-28,4.52,4.13,3.61,3.31,3.22
2023-06-29,4.66,4.28,3.78,3.48,3.36
2023-06-30,4.58,4.21,3.68,3.38,3.26
2023-07-04,4.63,4.26,3.74,3.44,3.32
2023-07-05,4.68,4.31,3.82,3.53,3.41
2023-07-06,4.75,4.4,3.91,3.62,3.49
2023-07-07,4.79,4.45,3.98,3.69,3.56
2023-07-10,4.74,4.41,3.91,3.64,3.51
2023-07-11,4.8,4.46,3.95,3.66,3.53
2023-07-12,4.66,4.33,3.81,3.53,3.42
2023-07-13,4.57,4.23,3.71,3.44,3.34
2023-07-14,4.64,4.3,3.76,3.48,3.37
2023-07-17,4.67,4.33,3.8,3.51,3.4
2023-07-18,4.64,4.29,3.76,3.48,3.38
2023-07-19,4.63,4.27,3.74,3.46,3.35
2023-07-20,4.62,4.39,3.86,3.58,3.48
2023-07-21,4.58,4.33,3.81,3.52,3.41
2023-07-24,4.68,4.42,3.9,3.6,3.49
2023-07-25,4.72,4.46,3.93,3.64,3.52
2023-07-26,4.65,4.38,3.85,3.56,3.45
2023-07-27,4.77,4.51,4.0,3.72,3.61
2023-07-28,4.68,4.43,3.92,3.63,3.51
2023-07-31,4.67,4.41,3.9,3.61,3.49
2023-08-01,4.72,4.46,3.98,3.71,3.6
2023-08-02,4.69,4.43,3.97,3.71,3.61
2023-08-03,4.72,4.47,4.04,3.8,3.71
2023-08-04,4.57,4.33,3.87,3.63,3.55
2023-08-08,4.53,4.28,3.83,3.59,3.51
2023-08-09,4.59,4.33,3.86,3.6,3.51
2023-08-10,4.63,4.37,3.93,3.68,3.59
2023-08-11,4.67,4.42,3.99,3.74,3.65
2023-08-14,4.72,4.47,4.03,3.77,3.68
2023-08-15,4.78,4.53,4.1,3.84,3.74
2023-08-16,4.8,4.55,4.12,3.86,3.77
2023-08-17,4.78,4.54,4.13,3.87,3.78
2023-08-18,4.76,4.51,4.08,3.81,3.71
2023-08-21,4.79,4.54,4.14,3.87,3.77
2023-08-22,4.83,4.58,4.18,3.91,3.81
2023-08-23,4.7,4.45,4.02,3.74,3.63
2023-08-24,4.76,4.51,4.08,3.8,3.69
2023-08-25,4.78,4.53,4.04,3.82,3.7
2023-08-28,4.78,4.53,4.02,3.79,3.67
2023-08-29,4.68,4.43,3.92,3.7,3.58
2023-08-30,4.65,4.4,3.9,3.68,3.57
2023-08-31,4.64,4.4,3.89,3.67,3.56
2023-09-01,4.55,4.31,3.83,3.64,3.56
2023-09-05,4.66,4.42,3.94,3.75,3.69
2023-09-06,4.68,4.44,3.97,3.77,3.68
2023-09-07,4.62,4.36,3.92,3.74,3.65
2023-09-08,4.66,4.41,3.96,3.77,3.67
2023-09-11,4.67,4.42,3.96,3.78,3.69
2023-09-12,4.7,4.44,3.97,3.78,3.69
2023-09-13,4.69,4.43,3.96,3.77,3.68
2023-09-14,4.69,4.43,3.96,3.78,3.69
2023-09-15,4.73,4.47,4.02,3.83,3.74
2023-09-18,4.77,4.51,4.04,3.85,3.75
2023-09-19,4.91,4.65,4.18,3.98,3.86
2023-09-20,4.95,4.68,4.2,4.0,3.88
2023-09-21,4.95,4.7,4.25,4.06,3.95
2023-09-22,4.92,4.66,4.21,4.02,3.91
2023-09-25,4.94,4.69,4.28,4.12,4.02
2023-09-26,4.93,4.68,4.28,4.12,4.03
2023-09-27,4.96,4.72,4.33,4.18,4.09
2023-09-28,4.91,4.68,4.3,4.15,4.06
2023-09-29,4.87,4.64,4.25,4.11,4.03
2023-10-03,4.97,4.76,4.42,4.32,4.26
2023-10-04,4.9,4.69,4.33,4.21,4.14
2023-10-05,4.79,4.65,4.29,4.18,4.13
2023-10-06,4.85,4.71,4.31,4.2,4.15
2023-10-10,4.72,4.58,4.17,4.06,3.99
2023-10-11,4.75,4.6,4.15,4.02,3.93
2023-10-12,4.82,4.68,4.24,4.12,4.04
2023-10-13,4.85,4.7,4.21,4.07,3.97
2023-10-16,4.89,4.74,4.27,4.14,4.03
2023-10-17,4.89,4.75,4.3,4.16,4.07
2023-10-18,4.9,4.77,4.32,4.19,4.1
2023-10-19,4.88,4.75,4.34,4.24,4.18
2023-10-20,4.79,4.66,4.25,4.16,4.08
2023-10-23,4.72,4.59,4.18,4.1,4.01
2023-10-24,4.7,4.57,4.17,4.09,4.01
2023-10-25,4.73,4.6,4.23,4.16,4.11
2023-10-26,4.64,4.51,4.12,4.06,4.0
2023-10-27,4.58,4.45,4.05,4.01,3.97
2023-10-30,4.65,4.52,4.11,4.06,4.02
2023-10-31,4.63,4.5,4.12,4.06,4.05
2023-11-01,4.53,4.39,3.98,3.93,3.92
2023-11-02,4.55,4.41,3.94,3.89,3.85
2023-11-03,4.38,4.23,3.78,3.75,3.74
2023-11-06,4.45,4.3,3.87,3.84,3.81
2023-11-07,4.44,4.28,3.83,3.78,3.76
2023-11-08,4.47,4.3,3.81,3.76,3.71
2023-11-09,4.57,4.41,3.94,3.88,3.85
2023-11-10,4.56,4.4,3.94,3.88,3.83
2023-11-14,4.39,4.22,3.76,3.71,3.67
2023-11-15,4.51,4.35,3.88,3.82,3.75
2023-11-16,4.45,4.28,3.81,3.74,3.69
2023-11-17,4.47,4.3,3.82,3.75,3.68
2023-11-20,4.41,4.25,3.78,3.7,3.65
2023-11-21,4.39,4.22,3.75,3.68,3.65
2023-11-22,4.4,4.23,3.76,3.69,3.65
2023-11-23,4.43,4.26,3.82,3.74,3.71
2023-11-24,4.45,4.28,3.83,3.75,3.72
2023-11-27,4.4,4.23,3.76,3.68,3.64
2023-11-28,4.29,4.12,3.67,3.6,3.58
2023-11-29,4.17,4.0,3.6,3.53,3.51
2023-11-30,4.2,4.03,3.64,3.57,3.56
2023-12-01,4.07,3.9,3.5,3.45,3.43
2023-12-04,4.12,3.95,3.54,3.48,3.46
2023-12-05,4.07,3.89,3.44,3.38,3.34
2023-12-06,4.07,3.89,3.4,3.33,3.3
2023-12-07,4.05,3.88,3.39,3.32,3.3
2023-12-08,4.15,3.97,3.49,3.41,3.37
2023-12-11,4.19,4.02,3.53,3.45,3.41
2023-12-12,4.22,4.04,3.53,3.44,3.4
2023-12-13,3.97,3.79,3.33,3.25,3.24
2023-12-14,3.91,3.73,3.24,3.17,3.14
2023-12-15,3.94,3.76,3.24,3.16,3.11
2023-12-18,3.99,3.8,3.29,3.21,3.17
2023-12-19,3.99,3.8,3.26,3.18,3.13
2023-12-20,3.91,3.71,3.18,3.1,3.06
2023-12-21,3.94,3.73,3.23,3.14,3.11
2023-12-22,3.99,3.78,3.3,3.22,3.21
2023-12-27,3.91,3.7,3.18,3.1,3.06
2023-12-28,3.92,3.71,3.2,3.12,3.11
2023-12-29,3.88,3.67,3.17,3.09,3.1
2024-01-02,3.96,3.74,3.25,3.18,3.18
2024-01-03,3.96,3.75,3.24,3.16,3.14
2024-01-04,4.04,3.82,3.33,3.25,3.23
2024-01-05,4.06,3.83,3.36,3.28,3.26
2024-01-08,4.03,3.8,3.33,3.24,3.22
2024-01-09,4.01,3.79,3.32,3.24,3.22
2024-01-10,4.04,3.81,3.36,3.28,3.27
2024-01-11,3.99,3.76,3.31,3.23,3.25
2024-01-12,3.79,3.57,3.28,3.21,3.22
2024-01-15,3.79,3.57,3.27,3.2,3.22
2024-01-16,3.91,3.69,3.4,3.32,3.36
2024-01-17,4.04,3.82,3.51,3.42,3.44
2024-01-18,4.05,3.83,3.54,3.46,3.49
2024-01-19,4.09,3.86,3.57,3.48,3.5
2024-01-22,4.07,3.84,3.52,3.43,3.45
2024-01-23,4.06,3.83,3.53,3.44,3.47
2024-01-24,4.02,3.8,3.55,3.46,3.49
2024-01-25,4.01,3.79,3.52,3.44,3.48
2024-01-26,4.06,3.84,3.58,3.48,3.52
2024-01-29,4.02,3.8,3.51,3.42,3.45
2024-01-30,4.04,3.82,3.49,3.38,3.41
2024-01-31,4.0,3.77,3.43,3.32,3.35
2024-02-01,3.93,3.7,3.34,3.23,3.25
2024-02-02,4.06,3.84,3.48,3.36,3.38
2024-02-05,4.15,3.93,3.6,3.48,3.5
2024-02-06,4.07,3.85,3.52,3.4,3.42
2024-02-07,4.12,3.9,3.57,3.45,3.47
2024-02-08,4.19,3.97,3.66,3.54,3.56
2024-02-09,4.2,3.99,3.65,3.53,3.54
2024-02-12,4.24,4.01,3.69,3.57,3.57
2024-02-13,4.35,4.13,3.8,3.66,3.65
2024-02-14,4.25,4.02,3.69,3.55,3.55
2024-02-15,4.24,4.01,3.67,3.54,3.54
2024-02-16,4.29,4.05,3.67,3.59,3.58
2024-02-20,4.16,3.92,3.58,3.5,3.5
2024-02-21,4.18,3.95,3.61,3.53,3.54
2024-02-22,4.22,3.97,3.61,3.53,3.53
2024-02-23,4.17,3.93,3.55,3.46,3.46
2024-02-26,4.2,3.96,3.57,3.49,3.49
2024-02-27,4.23,3.98,3.63,3.55,3.55
2024-02-28,4.19,3.95,3.6,3.52,3.52
2024-02-29,4.18,3.93,3.57,3.49,3.48
2024-03-01,4.1,3.85,3.5,3.42,3.43
2024-03-04,4.13,3.88,3.52,3.45,3.45
2024-03-05,4.04,3.8,3.43,3.35,3.36
2024-03-06,4.07,3.82,3.43,3.35,3.34
2024-03-07,4.08,3.83,3.44,3.36,3.35
2024-03-08,4.03,3.79,3.4,3.32,3.33
2024-03-11,4.06,3.81,3.42,3.34,3.34
2024-03-12,4.11,3.87,3.47,3.38,3.39
2024-03-13,4.14,3.89,3.5,3.41,3.42
2024-03-14,4.22,3.97,3.6,3.51,3.52
2024-03-15,4.25,4.0,3.62,3.53,3.54
2024-03-18,4.29,4.04,3.67,3.58,3.6
2024-03-19,4.18,3.92,3.57,3.49,3.52
2024-03-20,4.12,3.86,3.52,3.44,3.48
2024-03-21,4.15,3.9,3.55,3.47,3.51
2024-03-22,4.1,3.85,3.48,3.4,3.44
2024-03-25,4.13,3.87,3.51,3.44,3.48
2024-03-26,4.16,3.9,3.53,3.45,3.49
2024-03-27,4.13,3.87,3.5,3.41,3.44
2024-03-28,4.17,3.91,3.51,3.45,3.45
2024-04-01,4.27,4.0,3.64,3.59,3.59
2024-04-02,4.24,3.98,3.64,3.6,3.61
2024-04-03,4.22,3.97,3.62,3.58,3.59
2024-04-04,4.19,3.93,3.58,3.53,3.54
2024-04-05,4.21,3.97,3.62,3.57,3.58
2024-04-08,4.23,3.99,3.65,3.6,3.61
2024-04-09,4.2,3.96,3.59,3.54,3.55
2024-04-10,4.35,4.11,3.74,3.68,3.69
2024-04-11,4.24,4.11,3.77,3.71,3.72
2024-04-12,4.17,4.03,3.69,3.62,3.64
2024-04-15,4.23,4.11,3.77,3.72,3.74
2024-04-16,4.21,4.09,3.76,3.7,3.73
2024-04-17,4.19,4.07,3.73,3.67,3.69
2024-04-18,4.24,4.12,3.79,3.72,3.75
2024-04-19,4.24,4.11,3.77,3.71,3.73
2024-04-22,4.25,4.13,3.79,3.73,3.75
2024-04-23,4.26,4.14,3.79,3.74,3.76
2024-04-24,4.27,4.16,3.82,3.77,3.79
2024-04-25,4.34,4.22,3.89,3.84,3.85
2024-04-26,4.33,4.21,3.86,3.81,3.82
2024-04-29,4.3,4.18,3.81,3.74,3.76
2024-04-30,4.34,4.23,3.87,3.81,3.82
2024-05-01,4.3,4.18,3.81,3.76,3.76
2024-05-02,4.24,4.12,3.76,3.71,3.72
2024-05-03,4.16,4.04,3.67,3.63,3.65
2024-05-06,4.15,4.03,3.65,3.6,3.61
2024-05-07,4.15,4.03,3.63,3.57,3.57
2024-05-08,4.19,4.06,3.68,3.62,3.63
2024-05-09,4.2,4.07,3.68,3.62,3.62
2024-05-10,4.29,4.16,3.77,3.7,3.69
2024-05-13,4.29,4.16,3.76,3.69,3.68
2024-05-14,4.27,4.13,3.76,3.7,3.68
2024-05-15,4.18,4.03,3.64,3.58,3.57
2024-05-16,4.19,4.05,3.64,3.58,3.56
2024-05-17,4.23,4.09,3.69,3.63,3.62
2024-05-21,4.16,4.02,3.63,3.58,3.57
2024-05-22,4.19,4.05,3.66,3.6,3.59
2024-05-23,4.21,4.07,3.68,3.63,3.62
2024-05-24,4.24,4.1,3.68,3.63,3.6
2024-05-27,4.26,4.12,3.71,3.65,3.62
2024-05-28,4.28,4.15,3.76,3.72,3.69
2024-05-29,4.31,4.18,3.81,3.77,3.75
2024-05-30,4.26,4.13,3.76,3.72,3.7
2024-05-31,4.17,4.04,3.67,3.63,3.62
2024-06-03,4.11,3.98,3.58,3.53,3.52
2024-06-04,4.05,3.91,3.5,3.44,3.44
2024-06-05,3.93,3.79,3.41,3.37,3.38
2024-06-06,3.93,3.8,3.43,3.38,3.39
2024-06-07,3.99,3.86,3.5,3.45,3.46
2024-06-10,3.99,3.86,3.52,3.48,3.5
2024-06-11,3.97,3.84,3.49,3.45,3.47
2024-06-12,3.91,3.77,3.41,3.36,3.39
2024-06-13,3.86,3.71,3.34,3.29,3.32
2024-06-14,3.83,3.69,3.31,3.25,3.28
2024-06-17,3.87,3.73,3.34,3.28,3.31
2024-06-18,3.82,3.67,3.28,3.23,3.26
2024-06-19,3.85,3.7,3.31,3.26,3.29
2024-06-20,3.89,3.74,3.36,3.32,3.33
2024-06-21,3.9,3.75,3.36,3.32,3.34
2024-06-24,3.91,3.77,3.37,3.33,3.34
2024-06-25,3.97,3.82,3.41,3.37,3.37
2024-06-26,4.04,3.88,3.51,3.48,3.47
2024-06-27,4.02,3.86,3.51,3.47,3.47
2024-06-28,3.99,3.83,3.51,3.49,3.5
2024-07-02,4.05,3.9,3.6,3.59,3.61
2024-07-03,4.03,3.87,3.57,3.55,3.57
2024-07-04,4.04,3.88,3.6,3.59,3.6
2024-07-05,3.94,3.78,3.49,3.47,3.5
2024-07-08,3.93,3.77,3.46,3.44,3.47
2024-07-09,3.93,3.76,3.47,3.46,3.49
2024-07-10,3.92,3.75,3.46,3.44,3.47
2024-07-11,3.85,3.68,3.4,3.39,3.43
2024-07-12,3.82,3.65,3.37,3.36,3.4
2024-07-15,3.8,3.62,3.36,3.35,3.41
2024-07-16,3.77,3.6,3.32,3.31,3.35
2024-07-17,3.79,3.61,3.31,3.3,3.34
2024-07-18,3.7,3.62,3.34,3.33,3.37
2024-07-19,3.72,3.64,3.35,3.35,3.39
2024-07-22,3.74,3.67,3.37,3.36,3.41
2024-07-23,3.7,3.62,3.33,3.34,3.39
2024-07-24,3.63,3.56,3.3,3.32,3.39
2024-07-25,3.63,3.54,3.29,3.3,3.37
2024-07-26,3.6,3.5,3.23,3.25,3.32
2024-07-29,3.57,3.46,3.2,3.21,3.28
2024-07-30,3.5,3.4,3.16,3.17,3.23
2024-07-31,3.46,3.35,3.09,3.11,3.18
2024-08-01,3.36,3.26,3.02,3.04,3.11
2024-08-02,3.18,3.08,2.89,2.91,3.0
2024-08-06,3.27,3.17,3.0,3.03,3.12
2024-08-07,3.31,3.2,3.03,3.06,3.15
2024-08-08,3.35,3.25,3.07,3.1,3.18
2024-08-09,3.33,3.23,3.02,3.04,3.11
2024-08-12,3.3,3.2,2.98,3.01,3.08
2024-08-13,3.24,3.13,2.92,2.95,3.03
2024-08-14,3.23,3.13,2.91,2.94,3.01
2024-08-15,3.31,3.21,2.98,3.0,3.07
2024-08-16,3.31,3.21,2.98,2.99,3.06
2024-08-19,3.33,3.23,2.99,3.0,3.07
2024-08-20,3.27,3.17,2.93,2.94,3.01
2024-08-21,3.25,3.15,2.92,2.93,3.01
2024-08-22,3.3,3.2,2.98,2.99,3.07
2024-08-23,3.23,3.13,2.93,2.94,3.03
2024-08-26,3.25,3.15,2.95,2.97,3.05
2024-08-27,3.24,3.15,2.94,2.97,3.06
2024-08-28,3.27,3.17,2.97,3.0,3.08
2024-08-29,3.31,3.22,3.01,3.04,3.13
2024-08-30,3.33,3.23,3.03,3.07,3.16
2024-09-03,3.25,3.16,2.94,2.97,3.06
2024-09-04,3.15,3.05,2.86,2.89,2.99
2024-09-05,3.13,3.04,2.83,2.87,2.97
2024-09-06,3.05,2.97,2.8,2.85,2.96
2024-09-09,3.02,2.95,2.77,2.82,2.93
2024-09-10,2.98,2.91,2.73,2.78,2.9
2024-09-11,3.02,2.95,2.75,2.81,2.91
2024-09-12,3.0,2.92,2.74,2.79,2.91
2024-09-13,2.94,2.87,2.72,2.78,2.9
2024-09-16,2.88,2.81,2.68,2.74,2.86
2024-09-17,2.92,2.85,2.72,2.78,2.9
2024-09-18,2.93,2.86,2.74,2.8,2.93
2024-09-19,2.9,2.83,2.72,2.79,2.93
2024-09-20,2.92,2.84,2.73,2.81,2.94
2024-09-23,2.91,2.84,2.74,2.81,2.94
2024-09-24,2.9,2.83,2.74,2.82,2.95
2024-09-25,2.95,2.88,2.79,2.88,3.01
2024-09-26,2.97,2.9,2.8,2.89,3.01
2024-09-27,2.91,2.84,2.73,2.81,2.95
2024-10-01,2.93,2.85,2.74,2.82,2.94
2024-10-02,2.98,2.91,2.8,2.88,3.02
2024-10-03,3.05,2.98,2.88,2.96,3.09
2024-10-04,3.22,3.15,3.01,3.09,3.2
2024-10-07,3.28,3.21,3.06,3.14,3.24
2024-10-08,3.27,3.19,3.06,3.14,3.24
2024-10-09,3.25,3.18,3.07,3.15,3.25
2024-10-10,3.19,3.11,3.01,3.1,3.23
2024-10-11,3.07,3.08,2.98,3.08,3.21
2024-10-15,3.01,3.01,2.91,3.01,3.13
2024-10-16,2.97,2.97,2.88,2.98,3.1
2024-10-17,3.01,2.99,2.93,3.03,3.15
2024-10-18,2.97,2.95,2.9,3.0,3.13
2024-10-21,3.03,3.01,2.98,3.09,3.22
2024-10-22,3.02,3.01,2.98,3.08,3.22
2024-10-23,3.05,3.03,3.01,3.12,3.25
2024-10-24,3.07,3.05,3.01,3.11,3.23
2024-10-25,3.09,3.07,3.03,3.13,3.26
2024-10-28,3.09,3.07,3.04,3.14,3.26
2024-10-29,3.08,3.06,3.04,3.14,3.26
2024-10-30,3.09,3.07,3.05,3.16,3.25
2024-10-31,3.07,3.03,3.02,3.13,3.22
2024-11-01,3.09,3.06,3.06,3.17,3.28
2024-11-04,3.09,3.06,3.04,3.15,3.24
2024-11-05,3.14,3.11,3.08,3.18,3.25
2024-11-06,3.16,3.13,3.12,3.23,3.31
2024-11-07,3.07,3.04,3.03,3.13,3.22
2024-11-08,3.08,3.05,3.02,3.11,3.18
2024-11-12,3.17,3.13,3.11,3.2,3.26
2024-11-13,3.17,3.13,3.14,3.24,3.31
2024-11-14,3.18,3.14,3.12,3.21,3.28
2024-11-15,3.15,3.11,3.1,3.19,3.27
2024-11-18,3.16,3.13,3.1,3.19,3.27
2024-11-19,3.21,3.18,3.15,3.24,3.32
2024-11-20,3.27,3.24,3.21,3.3,3.38
2024-11-21,3.39,3.35,3.31,3.4,3.46
2024-11-22,3.37,3.32,3.29,3.38,3.44
2024-11-25,3.26,3.22,3.18,3.26,3.31
2024-11-26,3.23,3.19,3.13,3.21,3.27
2024-11-27,3.2,3.16,3.09,3.18,3.23
2024-11-28,3.18,3.14,3.08,3.17,3.22
2024-11-29,3.02,2.98,2.93,3.01,3.07
2024-12-02,3.04,3.0,2.94,3.01,3.06
2024-12-03,3.07,3.03,2.98,3.05,3.12
2024-12-04,3.01,2.97,2.91,2.99,3.07
2024-12-05,3.03,3.0,2.93,3.0,3.07
2024-12-06,2.89,2.85,2.81,2.89,2.98
2024-12-09,2.91,2.87,2.85,2.93,3.03
2024-12-10,2.89,2.85,2.83,2.92,3.02
2024-12-11,2.94,2.9,2.89,2.97,3.08
2024-12-12,2.98,2.94,2.94,3.03,3.14
2024-12-13,3.01,2.97,2.97,3.06,3.17
2024-12-16,3.01,2.96,2.96,3.06,3.18
2024-12-17,3.0,2.95,2.95,3.04,3.14
2024-12-18,3.05,3.0,3.04,3.13,3.22
2024-12-19,3.08,3.02,3.12,3.21,3.34
2024-12-20,3.05,2.99,3.05,3.15,3.27
2024-12-23,3.03,2.97,3.04,3.15,3.28
2024-12-24,3.03,2.97,3.05,3.15,3.29
2024-12-27,3.0,2.95,3.04,3.14,3.3
2024-12-30,2.96,2.9,2.98,3.08,3.24
2024-12-31,2.93,2.87,2.96,3.07,3.23
2025-01-02,2.93,2.87,2.96,3.06,3.22
2025-01-03,2.93,2.87,2.96,3.07,3.23
2025-01-06,2.91,2.85,2.96,3.08,3.23
2025-01-07,2.94,2.88,3.01,3.13,3.3
2025-01-08,2.94,2.88,3.02,3.15,3.32
2025-01-09,2.94,2.88,3.04,3.17,3.34
2025-01-10,3.07,3.02,3.17,3.29,3.44
2025-01-13,3.14,3.08,3.24,3.36,3.5
2025-01-14,3.15,3.09,3.28,3.41,3.54
2025-01-15,3.03,2.97,3.14,3.27,3.41
2025-01-16,2.95,2.94,3.05,3.21,3.34
2025-01-17,2.93,2.92,3.01,3.17,3.3
2025-01-20,2.92,2.91,2.99,3.15,3.28
2025-01-21,2.92,2.9,2.97,3.13,3.25
2025-01-22,2.96,2.94,3.02,3.18,3.3
2025-01-23,2.95,2.94,3.03,3.2,3.32
2025-01-24,2.91,2.89,2.98,3.15,3.28
2025-01-27,2.86,2.85,2.91,3.07,3.19
2025-01-28,2.83,2.82,2.89,3.06,3.2
2025-01-29,2.79,2.78,2.87,3.04,3.18
2025-01-30,2.73,2.72,2.79,2.96,3.11
2025-01-31,2.66,2.64,2.74,2.92,3.07
2025-02-03,2.56,2.55,2.62,2.81,2.96
2025-02-04,2.61,2.59,2.66,2.84,3.0
2025-02-05,2.59,2.57,2.63,2.8,2.95
2025-02-06,2.59,2.57,2.63,2.81,2.96
2025-02-07,2.69,2.68,2.75,2.93,3.07
2025-02-10,2.66,2.65,2.74,2.91,3.06
2025-02-11,2.7,2.7,2.78,2.95,3.1
2025-02-12,2.77,2.77,2.87,3.04,3.18
2025-02-13,2.73,2.72,2.8,2.97,3.1
2025-02-14,2.72,2.71,2.79,2.97,3.09
2025-02-18,2.8,2.8,2.89,3.06,3.19
2025-02-19,2.8,2.79,2.88,3.04,3.18
2025-02-20,2.82,2.81,2.91,3.07,3.22
2025-02-21,2.73,2.71,2.8,2.96,3.1
2025-02-24,2.69,2.67,2.76,2.93,3.07
2025-02-25,2.64,2.62,2.69,2.85,2.99
2025-02-26,2.65,2.63,2.7,2.85,2.98
2025-02-27,2.63,2.61,2.67,2.83,2.97
2025-02-28,2.57,2.55,2.6,2.76,2.9
2025-03-03,2.46,2.45,2.5,2.66,2.81
2025-03-04,2.46,2.45,2.53,2.69,2.85
2025-03-05,2.54,2.53,2.62,2.79,2.95
2025-03-06,2.63,2.63,2.72,2.9,3.07
2025-03-07,2.59,2.59,2.69,2.86,3.03
2025-03-10,2.53,2.53,2.63,2.81,2.98
2025-03-11,2.53,2.53,2.64,2.83,3.01
2025-03-12,2.58,2.59,2.71,2.89,3.07
2025-03-13,2.56,2.57,2.67,2.86,3.04
2025-03-14,2.57,2.57,2.72,2.88,3.06
2025-03-17,2.55,2.55,2.69,2.84,3.02
2025-03-18,2.54,2.54,2.69,2.84,3.02
2025-03-19,2.51,2.51,2.66,2.81,2.99
2025-03-20,2.53,2.53,2.66,2.82,3.0
2025-03-21,2.51,2.52,2.66,2.82,3.0
2025-03-24,2.54,2.55,2.7,2.86,3.06
2025-03-25,2.56,2.57,2.72,2.88,3.06
2025-03-26,2.61,2.61,2.76,2.93,3.12
2025-03-27,2.55,2.56,2.72,2.89,3.09
2025-03-28,2.49,2.51,2.66,2.82,3.02
2025-03-31,2.46,2.47,2.61,2.78,2.97
2025-04-01,2.43,2.44,2.57,2.74,2.92
2025-04-02,2.44,2.45,2.58,2.75,2.94
2025-04-03,2.4,2.42,2.55,2.72,2.94
2025-04-04,2.37,2.39,2.52,2.69,2.89
2025-04-07,2.46,2.48,2.64,2.83,3.04
2025-04-08,2.45,2.47,2.67,2.86,3.1
2025-04-09,2.62,2.63,2.8,2.97,3.18
2025-04-10,2.62,2.64,2.81,3.0,3.22
2025-04-11,2.68,2.7,2.87,3.05,3.26
2025-04-14,2.58,2.6,2.74,2.92,3.12
2025-04-15,2.53,2.55,2.72,2.91,3.11
2025-04-16,2.52,2.54,2.7,2.88,3.08
2025-04-17,2.52,2.54,2.73,2.91,3.13
2025-04-21,2.55,2.58,2.79,3.0,3.23
2025-04-22,2.54,2.58,2.76,2.96,3.19
2025-04-23,2.62,2.65,2.84,3.02,3.23
2025-04-24,2.59,2.61,2.79,2.98,3.18
2025-04-25,2.59,2.62,2.78,2.97,3.17
2025-04-28,2.56,2.59,2.76,2.94,3.16
2025-04-29,2.54,2.57,2.73,2.92,3.12
2025-04-30,2.47,2.5,2.67,2.85,3.07
2025-05-01,2.5,2.53,2.7,2.89,3.1
2025-05-02,2.54,2.56,2.77,2.96,3.18
2025-05-05,2.55,2.58,2.77,2.96,3.17
2025-05-06,2.53,2.55,2.75,2.94,3.15
2025-05-07,2.51,2.53,2.7,2.89,3.1
2025-05-08,2.58,2.61,2.81,2.99,3.2
2025-05-09,2.52,2.54,2.75,2.93,3.15
2025-05-12,2.59,2.61,2.8,2.98,3.2
2025-05-13,2.59,2.61,2.81,2.99,3.22
2025-05-14,2.59,2.61,2.84,3.03,3.25
2025-05-15,2.53,2.55,2.76,2.94,3.16
2025-05-16,2.53,2.55,2.77,2.95,3.17
2025-05-20,2.63,2.66,2.88,3.06,3.29
2025-05-21,2.7,2.73,2.97,3.16,3.39
2025-05-22,2.7,2.72,2.96,3.15,3.36
2025-05-23,2.69,2.72,2.93,3.12,3.34
2025-05-26,2.68,2.7,2.92,3.1,3.32
2025-05-27,2.64,2.66,2.87,3.05,3.25
2025-05-28,2.62,2.64,2.85,3.03,3.24
2025-05-29,2.6,2.62,2.82,3.0,3.21
2025-05-30,2.59,2.61,2.8,2.98,3.2
2025-06-02,2.58,2.6,2.82,3.0,3.23
2025-06-03,2.61,2.64,2.86,3.04,3.27
2025-06-04,2.59,2.62,2.84,3.01,3.23
2025-06-05,2.62,2.64,2.86,3.03,3.25
2025-06-06,2.69,2.72,2.96,3.13,3.34
2025-06-09,2.7,2.73,2.96,3.14,3.36
2025-06-10,2.69,2.72,2.94,3.12,3.34
2025-06-11,2.67,2.71,2.93,3.11,3.34
2025-06-12,2.68,2.71,2.92,3.1,3.33
2025-06-13,2.71,2.74,2.96,3.14,3.37
2025-06-16,2.72,2.75,2.99,3.17,3.4
2025-06-17,2.7,2.73,2.96,3.14,3.37
2025-06-18,2.68,2.71,2.93,3.11,3.33
2025-06-19,2.68,2.71,2.92,3.11,3.33
2025-06-20,2.64,2.67,2.89,3.07,3.3
2025-06-23,2.61,2.64,2.85,3.04,3.27
2025-06-24,2.61,2.64,2.85,3.03,3.26
2025-06-25,2.65,2.67,2.9,3.08,3.32
2025-06-26,2.62,2.64,2.87,3.05,3.33
2025-06-27,2.6,2.63,2.86,3.04,3.31
2025-06-30,2.59,2.62,2.83,3.01,3.28
2025-07-02,2.66,2.69,2.91,3.09,3.36
2025-07-03,2.69,2.71,2.94,3.12,3.38
2025-07-04,2.67,2.69,2.91,3.09,3.35
2025-07-07,2.69,2.71,2.94,3.13,3.4
2025-07-08,2.7,2.72,2.96,3.15,3.43
2025-07-09,2.66,2.68,2.92,3.1,3.37
2025-07-10,2.69,2.71,2.95,3.14,3.4
2025-07-11,2.74,2.76,3.03,3.22,3.5
2025-07-14,2.76,2.77,3.04,3.24,3.51
2025-07-15,2.83,2.84,3.13,3.33,3.6
2025-07-16,2.81,2.82,3.1,3.3,3.57
2025-07-17,2.81,2.82,3.1,3.3,3.57
2025-07-18,2.82,2.83,3.1,3.3,3.57
2025-07-21,2.79,2.81,3.06,3.25,3.51
2025-07-22,2.78,2.79,3.04,3.23,3.5
2025-07-23,2.82,2.83,3.1,3.29,3.56
2025-07-24,2.83,2.84,3.1,3.3,3.55
2025-07-25,2.81,2.81,3.07,3.27,3.52
2025-07-28,2.81,2.81,3.07,3.27,3.52
2025-07-29,2.77,2.78,3.03,3.22,3.47
2025-07-30,2.79,2.79,3.05,3.24,3.48
2025-07-31,2.76,2.77,3.01,3.2,3.45
2025-08-01,2.69,2.7,2.94,3.13,3.38
2025-08-05,2.69,2.69,2.94,3.13,3.38
2025-08-06,2.69,2.7,2.94,3.13,3.39
2025-08-07,2.69,2.69,2.94,3.13,3.39
2025-08-08,2.66,2.67,2.92,3.11,3.38
2025-08-11,2.68,2.68,2.93,3.12,3.39
2025-08-12,2.7,2.71,2.96,3.16,3.43
2025-08-13,2.68,2.69,2.93,3.12,3.39
2025-08-14,2.69,2.69,2.94,3.14,3.41
2025-08-15,2.72,2.72,2.98,3.17,3.46
2025-08-18,2.74,2.74,3.01,3.21,3.49
2025-08-19,2.7,2.7,2.96,3.16,3.44
2025-08-20,2.69,2.7,2.96,3.15,3.44
2025-08-21,2.73,2.74,2.99,3.19,3.48
2025-08-22,2.69,2.69,2.94,3.15,3.43
2025-08-25,2.72,2.72,2.98,3.18,3.47
2025-08-26,2.69,2.69,2.95,3.15,3.45
2025-08-27,2.69,2.7,2.95,3.15,3.45
2025-08-28,2.69,2.69,2.94,3.13,3.42
2025-08-29,2.64,2.64,2.88,3.08,3.38
2025-09-02,2.66,2.66,2.92,3.12,3.44
2025-09-03,2.62,2.62,2.87,3.07,3.39
2025-09-04,2.62,2.62,2.9,3.04,3.35
2025-09-05,2.54,2.55,2.82,2.96,3.27
2025-09-08,2.5,2.51,2.77,2.91,3.21
2025-09-09,2.52,2.52,2.79,2.92,3.22
2025-09-10,2.5,2.5,2.75,2.89,3.17
2025-09-11,2.5,2.51,2.74,2.88,3.16
2025-09-12,2.5,2.5,2.75,2.89,3.18
2025-09-15,2.49,2.5,2.73,2.87,3.17
2025-09-16,2.46,2.47,2.71,2.86,3.16
2025-09-17,2.49,2.5,2.75,2.89,3.18
2025-09-18,2.48,2.48,2.74,2.88,3.19
2025-09-19,2.46,2.47,2.74,2.89,3.2
2025-09-22,2.45,2.46,2.73,2.88,3.19
2025-09-23,2.45,2.45,2.73,2.87,3.19
2025-09-24,2.45,2.46,2.73,2.88,3.2
2025-09-25,2.49,2.49,2.77,2.91,3.22
2025-09-26,2.5,2.51,2.78,2.93,3.23
2025-09-29,2.47,2.47,2.74,2.87,3.17
2025-10-01,2.46,2.47,2.73,2.88,3.19
2025-10-02,2.45,2.46,2.72,2.87,3.18
2025-10-03,2.45,2.45,2.73,2.88,3.19
2025-10-06,2.47,2.47,2.75,2.91,3.21
2025-10-07,2.45,2.46,2.73,2.88,3.19
2025-10-08,2.46,2.47,2.74,2.89,3.19
2025-10-09,2.47,2.48,2.76,2.9,3.2
2025-10-10,2.47,2.48,2.74,2.89,3.18
2025-10-14,2.43,2.44,2.71,2.85,3.14
2025-10-15,2.42,2.42,2.69,2.83,3.12
2025-10-16,2.38,2.39,2.65,2.79,3.08
2025-10-17,2.37,2.38,2.65,2.79,3.09
2025-10-20,2.36,2.36,2.62,2.76,3.05
2025-10-21,2.39,2.4,2.65,2.8,3.08
2025-10-22,2.38,2.39,2.64,2.78,3.07
2025-10-23,2.39,2.4,2.66,2.81,3.09
2025-10-24,2.37,2.38,2.65,2.8,3.08
2025-10-27,2.36,2.36,2.62,2.77,3.05
2025-10-28,2.36,2.36,2.62,2.76,3.04
2025-10-29,2.43,2.44,2.73,2.88,3.15
2025-10-30,2.42,2.43,2.71,2.86,3.13
2025-10-31,2.4,2.4,2.7,2.84,3.12
2025-11-03,2.42,2.42,2.72,2.86,3.15
2025-11-04,2.43,2.43,2.73,2.87,3.15
2025-11-05,2.42,2.42,2.73,2.87,3.16
2025-11-06,2.39,2.39,2.67,2.82,3.1
2025-11-07,2.44,2.44,2.74,2.89,3.17
2025-11-10,2.45,2.45,2.75,2.89,3.17
2025-11-12,2.45,2.44,2.74,2.87,3.14
2025-11-13,2.47,2.47,2.77,2.9,3.18
2025-11-14,2.48,2.48,2.8,2.93,3.22
2025-11-17,2.49,2.49,2.81,2.94,3.23
2025-11-18,2.49,2.48,2.82,2.96,3.25
2025-11-19,2.49,2.49,2.82,2.96,3.25
2025-11-20,2.47,2.47,2.8,2.94,3.22
2025-11-21,2.44,2.44,2.77,2.91,3.2
2025-11-24,2.43,2.42,2.76,2.9,3.18
2025-11-25,2.4,2.4,2.73,2.87,3.15
2025-11-26,2.4,2.39,2.72,2.85,3.13
2025-11-27,2.4,2.39,2.71,2.84,3.12
2025-11-28,2.41,2.4,2.72,2.86,3.14
2025-12-01,2.48,2.47,2.81,2.95,3.24
2025-12-02,2.46,2.45,2.81,2.95,3.24
2025-12-03,2.43,2.43,2.77,2.92,3.22
2025-12-04,2.46,2.45,2.81,2.96,3.26
2025-12-05,2.64,2.63,3.01,3.15,3.42
2025-12-08,2.64,2.63,3.01,3.15,3.42
2025-12-09,2.69,2.68,3.07,3.2,3.46
2025-12-10,2.63,2.62,3.01,3.15,3.42
2025-12-11,2.62,2.61,3.0,3.14,3.42
2025-12-12,2.62,2.61,3.01,3.15,3.44
2025-12-15,2.58,2.58,2.98,3.12,3.41
2025-12-16,2.58,2.57,2.96,3.1,3.4
2025-12-17,2.6,2.59,2.98,3.12,3.42
2025-12-18,2.59,2.57,2.96,3.11,3.4
2025-12-19,2.61,2.6,2.99,3.13,3.47
2025-12-22,2.6,2.59,2.98,3.13,3.46
2025-12-23,2.57,2.56,2.94,3.09,3.42
2025-12-24,2.57,2.56,2.93,3.07,3.4
2025-12-29,2.56,2.55,2.92,3.06,3.39
2025-12-30,2.58,2.57,2.95,3.09,3.41
2025-12-31,2.58,2.57,2.96,3.11,3.42
2026-01-02,2.61,2.6,3.0,3.14,3.47
2026-01-05,2.57,2.56,2.94,3.08,3.42
2026-01-06,2.59,2.57,2.96,3.1,3.43
2026-01-07,2.56,2.54,2.93,3.07,3.39
2026-01-08,2.57,2.55,2.94,3.08,3.4
2026-01-09,2.55,2.53,2.92,3.07,3.38
2026-01-12,2.56,2.54,2.93,3.08,3.4
2026-01-13,2.55,2.53,2.93,3.07,3.41
2026-01-14,2.53,2.5,2.9,3.04,3.36
2026-01-15,2.53,2.5,2.89,3.03,3.35
2026-01-16,2.54,2.52,2.92,3.06,3.37
2026-01-19,2.54,2.51,2.91,3.05,3.39
2026-01-20,2.55,2.53,2.94,3.09,3.42
2026-01-21,2.56,2.54,2.95,3.09,3.42
2026-01-22,2.56,2.52,2.94,3.08,3.4
2026-01-23,2.6,2.51,2.95,3.09,3.41
2026-01-26,2.57,2.47,2.91,3.05,3.37
2026-01-27,2.58,2.5,2.94,3.08,3.41
2026-01-28,2.58,2.5,2.94,3.08,3.42
2026-01-29,2.57,2.48,2.93,3.08,3.41
2026-01-30,2.56,2.47,2.93,3.07,3.42
2026-02-02,2.57,2.48,2.94,3.08,3.43
2026-02-03,2.58,2.49,2.95,3.09,3.44
2026-02-04,2.58,2.49,2.94,3.08,3.43
2026-02-05,2.55,2.47,2.91,3.06,3.4
2026-02-06,2.55,2.47,2.91,3.06,3.4
2026-02-09,2.54,2.46,2.9,3.05,3.39
2026-02-10,2.53,2.46,2.89,3.03,3.36
2026-02-11,2.52,2.45,2.87,3.01,3.34
2026-02-12,2.49,2.41,2.82,2.96,3.28
2026-02-13,2.47,2.4,2.79,2.93,3.25
2026-02-17,2.45,2.38,2.76,2.9,3.23
2026-02-18,2.44,2.37,2.76,2.9,3.23
2026-02-19,2.44,2.37,2.75,2.89,3.22
2026-02-20,2.44,2.37,2.74,2.88,3.22
2026-02-23,2.43,2.37,2.72,2.86,3.18
2026-02-24,2.44,2.38,2.72,2.86,3.18
2026-02-25,2.46,2.39,2.74,2.87,3.2
2026-02-26,2.43,2.37,2.71,2.84,3.17
2026-02-27,2.39,2.34,2.67,2.8,3.13
2026-03-02,2.49,2.43,2.76,2.89,3.22
2026-03-03,2.51,2.45,2.79,2.92,3.24
2026-03-04,2.52,2.58,2.81,3.03,3.26
2026-03-05,2.58,2.65,2.89,3.11,3.34
2026-03-06,2.63,2.7,2.95,3.17,3.4
2026-03-09,2.63,2.69,2.91,3.14,3.36
2026-03-10,2.65,2.71,2.95,3.17,3.39
2026-03-11,2.72,2.79,3.03,3.25,3.48
2026-03-12,2.82,2.88,3.09,3.31,3.52
2026-03-13,2.79,2.86,3.07,3.29,3.51
2026-03-16,2.71,2.78,2.99,3.21,3.43
2026-03-17,2.67,2.74,2.95,3.17,3.39
2026-03-18,2.75,2.81,3.01,3.23,3.45
2026-03-19,2.84,2.89,3.05,3.23,3.44
2026-03-20,3.07,3.11,3.23,3.38,3.56
2026-03-23,2.95,3.0,3.17,3.33,3.53
2026-03-24,2.99,3.05,3.23,3.39,3.59
2026-03-25,2.89,2.95,3.12,3.27,3.47
2026-03-26,2.98,3.03,3.22,3.37,3.57
2026-03-27,2.95,3.01,3.21,3.36,3.58
2026-03-30,2.88,2.94,3.14,3.29,3.51
2026-03-31,2.82,2.87,3.09,3.24,3.46
2026-04-01,2.82,2.94,3.11,3.27,3.5
2026-04-02,2.82,2.93,3.1,3.26,3.49
2026-04-06,2.83,2.94,3.09,3.25,3.47
2026-04-07,2.86,2.98,3.12,3.28,3.49
2026-04-08,2.79,2.91,3.06,3.22,3.44
2026-04-09,2.79,2.92,3.07,3.23,3.46
2026-04-10,2.78,2.91,3.08,3.24,3.47
2026-04-13,2.79,2.91,3.07,3.24,3.46
2026-04-14,2.76,2.88,3.04,3.2,3.43
2026-04-15,2.79,2.91,3.08,3.25,3.47
2026-04-16,2.8,2.92,3.1,3.26,3.5
2026-04-17,2.77,2.86,3.04,3.2,3.44
2026-04-20,2.76,2.85,3.04,3.2,3.44
2026-04-21,2.84,2.92,3.1,3.27,3.5
2026-04-22,2.83,2.91,3.1,3.26,3.48
2026-04-23,2.85,2.93,3.11,3.27,3.48
2026-04-24,2.82,2.9,3.07,3.23,3.46
2026-04-27,2.83,2.92,3.11,3.27,3.5
2026-04-28,2.88,2.96,3.14,3.29,3.51
2026-04-29,3.03,3.11,3.26,3.4,3.6
2026-04-30,2.96,3.04,3.2,3.35,3.56
2026-05-01,2.94,3.02,3.18,3.33,3.53
2026-05-04,3.05,3.13,3.27,3.41,3.62
2026-05-05,3.01,3.09,3.26,3.4,3.6
2026-05-06,2.91,2.99,3.15,3.3,3.51
2026-05-07,2.94,3.02,3.18,3.33,3.53
2026-05-08,2.86,2.94,3.12,3.26,3.47
2026-05-11,2.93,3.01,3.19,3.33,3.54
2026-05-12,2.97,3.05,3.24,3.39,3.59
2026-05-13,2.96,3.05,3.23,3.37,3.58
2026-05-14,2.96,3.04,3.22,3.36,3.56
2026-05-15,3.07,3.15,3.36,3.49,3.7
2026-05-19,3.04,3.14,3.35,3.5,3.7
2026-05-20,2.93,3.03,3.23,3.37,3.58
2026-05-21,2.91,3.0,3.19,3.33,3.54
2026-05-22,2.92,3.01,3.2,3.34,3.53
2026-05-25,2.84,2.93,3.11,3.25,3.46
2026-05-26,2.84,2.93,3.12,3.26,3.47
2026-05-27,2.86,2.95,3.14,3.27,3.47
2026-05-28,2.84,2.93,3.1,3.24,3.44
2026-05-29,2.77,2.86,3.05,3.19,3.41
2026-06-01,2.81,2.9,3.08,3.22,3.43
2026-06-02,2.8,2.89,3.07,3.21,3.41
2026-06-03,2.81,2.91,3.08,3.23,3.43
2026-06-04,2.8,2.89,3.08,3.22,3.43
2026-06-05,2.87,2.96,3.14,3.28,3.48
2026-06-08,2.87,2.97,3.18,3.32,3.53
2026-06-09,2.85,2.95,3.15,3.28,3.49
2026-06-10,2.83,2.94,3.13,3.27,3.49
2026-06-11,2.77,2.87,3.05,3.19,3.41
2026-06-12,2.76,2.86,3.04,3.18,3.4
2026-06-15,2.76,2.86,3.04,3.18,3.41
2026-06-16,2.75,2.85,3.03,3.17,3.38
2026-06-17,2.82,2.92,3.08,3.22,3.42
2026-06-18,2.78,2.88,3.04,3.17,3.38
2026-06-19,2.78,2.88,3.04,3.18,3.39
2026-06-22,2.81,2.91,3.09,3.22,3.43
2026-06-23,2.78,2.88,3.06,3.19,3.44
2026-06-24,2.73,2.83,2.99,3.13,3.36
2026-06-25,2.75,2.85,3.02,3.16,3.39
2026-06-26,2.75,2.85,3.02,3.15,3.39
2026-06-29,2.73,2.83,3.0,3.13,3.37
2026-06-30,2.74,2.84,3.01,3.14,3.38
2026-07-02,2.76,2.87,3.06,3.2,3.45
2026-07-03,2.75,2.86,3.06,3.19,3.45
2026-07-06,2.72,2.83,3.03,3.16,3.42
2026-07-07,2.8,2.91,3.11,3.24,3.49
2026-07-08,2.85,2.97,3.18,3.31,3.56
2026-07-09,2.8,2.91,3.12,3.26,3.52
2026-07-10,2.82,2.93,3.13,3.26,3.51
2026-07-13,2.88,3.0,3.19,3.32,3.56
2026-07-14,2.86,2.98,3.18,3.31,3.57
2026-07-15,2.82,2.93,3.14,3.28,3.53
2026-07-16,2.83,2.94,3.15,3.28,3.53
2026-07-17,2.86,2.98,3.18,3.32,3.56
2026-07-20,2.84,2.96,3.18,3.31,3.57
2026-07-21,2.82,2.94,3.16,3.3,3.56
2026-07-22,2.89,3.01,3.22,3.35,3.6
2026-07-23,2.96,3.08,3.28,3.41,3.65
2026-07-24,2.9,3.02,3.22,3.36,3.6
2026-07-27,2.87,2.99,3.19,3.32,3.56
2026-07-28,2.84,2.97,3.16,3.29,3.53
2026-07-29,2.85,2.97,3.19,3.33,3.58
2026-07-30,2.85,2.97,3.19,3.32,3.59
2026-07-31,2.91,3.04,3.27,3.4,3.65
2026-08-04,2.83,2.96,3.17,3.3,3.55
2026-08-05,2.82,2.95,3.17,3.3,3.55
2026-08-06,2.92,3.01,3.22,3.36,3.61
2026-08-07,2.96,3.04,3.26,3.39,3.64
2026-08-10,3.02,3.11,3.34,3.47,3.72
2026-08-11,3.01,3.1,3.32,3.46,3.7
2026-08-12,2.98,3.07,3.3,3.43,3.69
2026-08-13,2.92,3.01,3.23,3.36,3.62
2026-08-14,2.96,3.04,3.28,3.41,3.68
2026-08-17,2.97,3.06,3.31,3.44,3.72
2026-08-18,2.96,3.05,3.29,3.43,3.7
2026-08-19,2.98,3.07,3.3,3.43,3.69
2026-08-20,3.02,3.11,3.35,3.48,3.75
2026-08-21,3.03,3.13,3.36,3.5,3.76
2026-08-24,2.96,3.05,3.28,3.42,3.68
2026-08-25,2.9,2.99,3.22,3.36,3.62
2026-08-26,2.93,3.03,3.26,3.4,3.66
2026-08-27,2.96,3.06,3.3,3.44,3.7
2026-08-28,3.01,3.11,3.34,3.47,3.73
2026-08-31,3.01,3.1,3.33,3.47,3.73
2026-09-01,3.01,3.11,3.35,3.49,3.75
2026-09-02,3.11,3.21,3.42,3.56,3.8
2026-09-03,3.1,3.19,3.41,3.54,3.79
2026-09-04,3.08,3.17,3.4,3.53,3.77
2026-09-08,3.13,3.22,3.44,3.57,3.81
2026-09-09,3.16,3.25,3.48,3.61,3.84
2026-09-10,3.31,3.4,3.63,3.72,3.94
2026-09-11,3.35,3.44,3.65,3.74,3.95
2026-09-14,3.37,3.46,3.65,3.73,3.94
2026-09-15,3.35,3.44,3.65,3.74,3.95
2026-09-16,3.35,3.44,3.64,3.73,3.92
2026-09-17,3.27,3.36,3.54,3.63,3.83
2026-09-18,3.32,3.41,3.59,3.68,3.87
2026-09-21,3.29,3.37,3.57,3.64,3.84
2026-09-22,3.25,3.34,3.54,3.62,3.83
2026-09-23,3.4,3.49,3.69,3.76,3.96
2026-09-24,3.39,3.49,3.69,3.76,3.97
2026-09-25,3.35,3.44,3.65,3.73,3.94
2026-09-28,3.37,3.46,3.68,3.75,3.96
2026-09-29,3.37,3.47,3.69,3.77,3.99
2026-10-01,3.27,3.37,3.62,3.7,3.94
