issuer,seniority,as_of_date,filed,sp,moodys,dbrs,source,quote,notes
Bank of Montreal,senior_legacy,2021-12-02,2021-12-03,A+,Aa2,AA,https://www.sec.gov/Archives/edgar/data/927971/000119312521347995/d212602dex991.htm,Long Term Deposits / Legacy Senior Debt | 4 | A+ | 3 of 10 | Aa2 | 2 of 9 | AA,
Bank of Montreal,senior_bail_in,2021-12-02,2021-12-03,A-,A2,AA (low),https://www.sec.gov/Archives/edgar/data/927971/000119312521347995/d212602dex991.htm,Senior debt | 3 | A- | 3 of 10 | A2 | 3 of 9 | AA (low),
Bank of Montreal,senior_legacy,2022-11-30,2022-12-01,A+,Aa2,AA,https://www.sec.gov/Archives/edgar/data/927971/000119312522296674/d359136dex991.htm,Long Term Deposits / Legacy Senior Debt | 4 | A+ | 3 of 10 | Aa2 | 2 of 9 | AA,
Bank of Montreal,senior_bail_in,2022-11-30,2022-12-01,A-,A2,AA (low),https://www.sec.gov/Archives/edgar/data/927971/000119312522296674/d359136dex991.htm,Senior debt | 3 | A- | 3 of 10 | A2 | 3 of 9 | AA (low),
Bank of Montreal,senior_legacy,2023-11-30,2023-12-01,A+,Aa2,AA,https://www.sec.gov/Archives/edgar/data/927971/000119312523287420/d551461dex991.htm,Long Term Deposits / Legacy Senior Debt | 4 | A+ | 3 of 10 | Aa2 | 2 of 9 | AA,
Bank of Montreal,senior_bail_in,2023-11-30,2023-12-01,A-,A2,AA (low),https://www.sec.gov/Archives/edgar/data/927971/000119312523287420/d551461dex991.htm,Senior debt | 3 | A- | 3 of 10 | A2 | 3 of 9 | AA (low),
Bank of Montreal,senior_legacy,2024-12-04,2024-12-05,A+,Aa2,AA,https://www.sec.gov/Archives/edgar/data/927971/000119312524271395/d878486dex991.htm,Long Term Deposits / Legacy Senior Debt | 4 | A+ | 3 of 10 | Aa2 | 2 of 9 | AA,
Bank of Montreal,senior_bail_in,2024-12-04,2024-12-05,A-,A2,AA (low),https://www.sec.gov/Archives/edgar/data/927971/000119312524271395/d878486dex991.htm,Senior debt | 3 | A- | 3 of 10 | A2 | 3 of 9 | AA (low),
Bank of Montreal,senior_legacy,2025-12-03,2025-12-04,A+,Aa2,AA,https://www.sec.gov/Archives/edgar/data/927971/000119312525307982/d938207dex991.htm,Long Term Deposits / Legacy Senior Debt | 4 | A+ | 3 of 10 | Aa2 | 2 of 9 | AA,
Bank of Montreal,senior_bail_in,2025-12-03,2025-12-04,A-,A2,AA (low),https://www.sec.gov/Archives/edgar/data/927971/000119312525307982/d938207dex991.htm,Senior debt | 3 | A- | 3 of 10 | A2 | 3 of 9 | AA (low),
Bank of Nova Scotia,senior_legacy,,2021-01-29,,,,https://www.sec.gov/Archives/edgar/data/9631/000114036121002628/brhc10019393_10k.htm,,"no ratings table (file is Scotiabank Covered Bond Guarantor LP Form 10-K, not an AIF)"
Bank of Nova Scotia,senior_legacy,2021-11-30,2021-11-30,A+,Aa2,AA,https://www.sec.gov/Archives/edgar/data/9631/000119312521343582/d164371dex991.htm,Legacy Senior Debt | (2) | Aa2 | 2 of 9 | A+ | 3 of 10 | AA | 2 of 10 | AA,"as_of from ""definition of the categories of each rating as at"" sentence; table itself undated"
Bank of Nova Scotia,senior_bail_in,2021-11-30,2021-11-30,A-,A2,AA (low),https://www.sec.gov/Archives/edgar/data/9631/000119312521343582/d164371dex991.htm,Senior Debt | (3) | A2 | 3 of 9 | A- | 3 of 10 | AA- | 2 of 10 | AA (low),"as_of from ""definition of the categories of each rating as at"" sentence; table itself undated"
Bank of Nova Scotia,senior_legacy,2022-11-29,2022-11-29,A+,Aa2,AA,https://www.sec.gov/Archives/edgar/data/9631/000119312522294230/d356389dex991.htm,Legacy Senior Debt | (2) | Aa2 | 2 of 9 | A+ | 3 of 10 | AA | 2 of 10 | AA,"as_of from ""definition of the categories of each rating as at"" sentence; table itself undated"
Bank of Nova Scotia,senior_bail_in,2022-11-29,2022-11-29,A-,A2,AA (low),https://www.sec.gov/Archives/edgar/data/9631/000119312522294230/d356389dex991.htm,Senior Debt | (3) | A2 | 3 of 9 | A- | 3 of 10 | AA- | 2 of 10 | AA (low),"as_of from ""definition of the categories of each rating as at"" sentence; table itself undated"
Bank of Nova Scotia,senior_legacy,2023-11-28,2023-11-28,A+,Aa2,AA,https://www.sec.gov/Archives/edgar/data/9631/000119312523284197/d413334dex991.htm,Legacy Senior Debt | (2) | Aa2 | 2 of 9 | A+ | 3 of 10 | AA | 2 of 10 | AA,"as_of from ""definition of the categories of each rating as at"" sentence; table itself undated"
Bank of Nova Scotia,senior_bail_in,2023-11-28,2023-11-28,A-,A2,AA (low),https://www.sec.gov/Archives/edgar/data/9631/000119312523284197/d413334dex991.htm,Senior Debt | (3) | A2 | 3 of 9 | A- | 3 of 10 | AA- | 2 of 10 | AA (low),"as_of from ""definition of the categories of each rating as at"" sentence; table itself undated"
Bank of Nova Scotia,senior_legacy,2024-12-03,2024-12-03,A+,Aa2,AA,https://www.sec.gov/Archives/edgar/data/9631/000119312524269887/d843410dex991.htm,Legacy Senior Debt | (2) | Aa2 | 2 of 9 | A+ | 3 of 10 | AA | 2 of 10 | AA,"as_of from ""definition of the categories of each rating as at"" sentence; table itself undated"
Bank of Nova Scotia,senior_bail_in,2024-12-03,2024-12-03,A-,A2,AA (low),https://www.sec.gov/Archives/edgar/data/9631/000119312524269887/d843410dex991.htm,Senior Debt | (3) | A2 | 3 of 9 | A- | 3 of 10 | AA- | 2 of 10 | AA (low),"as_of from ""definition of the categories of each rating as at"" sentence; table itself undated"
Bank of Nova Scotia,senior_legacy,2025-12-02,2025-12-02,A+,Aa2,AA,https://www.sec.gov/Archives/edgar/data/9631/000119312525304643/d936350dex991.htm,Legacy Senior Debt | (2) | AA | 2 of 10 | Aa2 | 2 of 9 | AA | 2 of 10 | A+,"as_of from ""definition of the categories of each rating as at"" sentence; table itself undated"
Bank of Nova Scotia,senior_bail_in,2025-12-02,2025-12-02,A-,A2,AA (low),https://www.sec.gov/Archives/edgar/data/9631/000119312525304643/d936350dex991.htm,Senior Debt | (3) | AA- | 2 of 10 | A2 | 3 of 9 | AA (low) | 2 of 10 | A-,"as_of from ""definition of the categories of each rating as at"" sentence; table itself undated"
Canadian Imperial Bank of Commerce,senior_legacy,2021-12-01,2021-12-02,A+,Aa2,AA,https://www.sec.gov/Archives/edgar/data/1045520/000119312521346025/d123871dex99b3a.htm,Legacy senior debt | (2) | AA | AA | Aa2 | A+,
Canadian Imperial Bank of Commerce,senior_bail_in,2021-12-01,2021-12-02,BBB+,A2,AA (low),https://www.sec.gov/Archives/edgar/data/1045520/000119312521346025/d123871dex99b3a.htm,Senior debt | (3) | AA (low) | AA- | A2 | BBB+,S&P BBB+ is as printed in source (A- in later CIBC filings)
Canadian Imperial Bank of Commerce,senior_legacy,2022-11-30,2022-12-01,A+,Aa2,AA,https://www.sec.gov/Archives/edgar/data/1045520/000119312522295936/d274130dex99b3a.htm,Legacy senior debt | (2) | AA | AA | Aa2 | A+,
Canadian Imperial Bank of Commerce,senior_bail_in,2022-11-30,2022-12-01,A-,A2,AA (low),https://www.sec.gov/Archives/edgar/data/1045520/000119312522295936/d274130dex99b3a.htm,Senior debt | (3) | AA(L) | AA- | A2 | A-,"DBRS shown as ""AA(L)"" in source; normalized to ""AA (low)"""
Canadian Imperial Bank of Commerce,senior_legacy,2023-11-29,2023-11-30,A+,Aa2,AA,https://www.sec.gov/Archives/edgar/data/1045520/000119312523285697/d533222dex99b3a.htm,Legacy senior debt | (2) | AA | AA | Aa2 | A+,
Canadian Imperial Bank of Commerce,senior_bail_in,2023-11-29,2023-11-30,A-,A2,AA (low),https://www.sec.gov/Archives/edgar/data/1045520/000119312523285697/d533222dex99b3a.htm,Senior debt | (3) | AA(L) | AA- | A2 | A-,"DBRS shown as ""AA(L)"" in source; normalized to ""AA (low)"""
Canadian Imperial Bank of Commerce,senior_legacy,2024-12-04,2024-12-05,A+,Aa2,AA,https://www.sec.gov/Archives/edgar/data/1045520/000119312524271105/d886456dex99b3a.htm,Senior debt | (2) | AA | AA | Aa2 | A+,"legacy row labeled ""Senior debt"" (non-bail-in senior debt); bail-in row labeled ""Bail-in senior debt"""
Canadian Imperial Bank of Commerce,senior_bail_in,2024-12-04,2024-12-05,A-,A2,AA (low),https://www.sec.gov/Archives/edgar/data/1045520/000119312524271105/d886456dex99b3a.htm,Bail-in | senior debt | (3) | AA(L) | AA- | A2 | A-,"legacy row labeled ""Senior debt"" (non-bail-in senior debt); bail-in row labeled ""Bail-in senior debt""; DBRS shown as ""AA(L)"" in source; normalized to ""AA (low)"""
Canadian Imperial Bank of Commerce,senior_legacy,2025-12-03,2025-12-04,A+,Aa2,AA,https://www.sec.gov/Archives/edgar/data/1045520/000119312525307488/d91021dex99b3a.htm,Senior debt | (2) | AA | AA | Aa2 | A+,"legacy row labeled ""Senior debt"" (non-bail-in senior debt); bail-in row labeled ""Bail-in senior debt"""
Canadian Imperial Bank of Commerce,senior_bail_in,2025-12-03,2025-12-04,A-,A2,AA (low),https://www.sec.gov/Archives/edgar/data/1045520/000119312525307488/d91021dex99b3a.htm,Bail-in | senior debt | (3) | AA(L) | AA- | A2 | A-,"legacy row labeled ""Senior debt"" (non-bail-in senior debt); bail-in row labeled ""Bail-in senior debt""; DBRS shown as ""AA(L)"" in source; normalized to ""AA (low)"""
Royal Bank of Canada,senior_legacy,2021-11-30,2021-12-01,AA-,Aa2,AA (high),https://www.sec.gov/Archives/edgar/data/1000275/000119312521344339/d372408dex1.htm,Standard & Poor’s | Legacy Senior Long-term Debt | 1 | AA- | 4 of 21 | Senior Long-term Debt | 2 | A ;; Moody’s Investors Service | Legacy Senior Long-term Debt | 1 | Aa2 | 3 of 21 | Senior Long-term Debt | 2 | A2 ;; DBRS | Legacy Senior Long-term Debt | 1 | AA (high) | 2 of 26 | Senior Long-term Debt | 2 | AA,
Royal Bank of Canada,senior_bail_in,2021-11-30,2021-12-01,A,A2,AA,https://www.sec.gov/Archives/edgar/data/1000275/000119312521344339/d372408dex1.htm,Standard & Poor’s | Legacy Senior Long-term Debt | 1 | AA- | 4 of 21 | Senior Long-term Debt | 2 | A ;; Moody’s Investors Service | Legacy Senior Long-term Debt | 1 | Aa2 | 3 of 21 | Senior Long-term Debt | 2 | A2 ;; DBRS | Legacy Senior Long-term Debt | 1 | AA (high) | 2 of 26 | Senior Long-term Debt | 2 | AA,
Royal Bank of Canada,senior_legacy,2022-11-29,2022-11-30,AA-,Aa1,AA (high),https://www.sec.gov/Archives/edgar/data/1000275/000119312522294864/d358828dex1.htm,Standard & Poor’s | Legacy Senior Long-term Debt | 1 | AA- | 4 of 22 | Senior Long-term Debt | 2 | A ;; Moody’s Investors Service | Legacy Senior Long-term Debt | 1 | Aa1 | 2 of 21 | Senior Long-term Debt | 2 | A1 ;; DBRS | Legacy Senior Long-term Debt | 1 | AA (high) | 2 of 26 | Senior Long-term Debt | 2 | AA,
Royal Bank of Canada,senior_bail_in,2022-11-29,2022-11-30,A,A1,AA,https://www.sec.gov/Archives/edgar/data/1000275/000119312522294864/d358828dex1.htm,Standard & Poor’s | Legacy Senior Long-term Debt | 1 | AA- | 4 of 22 | Senior Long-term Debt | 2 | A ;; Moody’s Investors Service | Legacy Senior Long-term Debt | 1 | Aa1 | 2 of 21 | Senior Long-term Debt | 2 | A1 ;; DBRS | Legacy Senior Long-term Debt | 1 | AA (high) | 2 of 26 | Senior Long-term Debt | 2 | AA,
Royal Bank of Canada,senior_legacy,2023-11-29,2023-11-30,AA-,Aa1,AA (high),https://www.sec.gov/Archives/edgar/data/1000275/000119312523285639/d519293dex1.htm,Standard & Poor’s | Legacy Senior Long-term Debt | 1 | AA- | 4 of 22 | Senior Long-term Debt | 2 | A ;; Moody’s Investors Service | Legacy Senior Long-term Debt | 1 | Aa1 | 2 of 21 | Senior Long-term Debt | 2 | A1 ;; DBRS | Legacy Senior Long-term Debt | 1 | AA (high) | 2 of 23 | Senior Long-term Debt | 2 | AA,
Royal Bank of Canada,senior_bail_in,2023-11-29,2023-11-30,A,A1,AA,https://www.sec.gov/Archives/edgar/data/1000275/000119312523285639/d519293dex1.htm,Standard & Poor’s | Legacy Senior Long-term Debt | 1 | AA- | 4 of 22 | Senior Long-term Debt | 2 | A ;; Moody’s Investors Service | Legacy Senior Long-term Debt | 1 | Aa1 | 2 of 21 | Senior Long-term Debt | 2 | A1 ;; DBRS | Legacy Senior Long-term Debt | 1 | AA (high) | 2 of 23 | Senior Long-term Debt | 2 | AA,
Royal Bank of Canada,senior_legacy,2024-12-03,2024-12-04,AA-,Aa1,AA (high),https://www.sec.gov/Archives/edgar/data/1000275/000119312524270294/d848219dex1.htm,"S&P Global Ratings | ǂ | Legacy Senior Long-term Debt | 1 | AA- | 4 of 22 | Senior Long-term Debt | 2 | A ;; Moody’s Investors Service, Inc. | ǂ | Legacy Senior Long-term Debt | 1 | Aa1 | 2 of 21 | Senior Long-term Debt | 2 | A1 ;; DBRS | ǂ | Legacy Senior Long-term Debt | 1 | AA (high) | 2 of 23 | Senior Long-term Debt | 2 | AA",
Royal Bank of Canada,senior_bail_in,2024-12-03,2024-12-04,A,A1,AA,https://www.sec.gov/Archives/edgar/data/1000275/000119312524270294/d848219dex1.htm,"S&P Global Ratings | ǂ | Legacy Senior Long-term Debt | 1 | AA- | 4 of 22 | Senior Long-term Debt | 2 | A ;; Moody’s Investors Service, Inc. | ǂ | Legacy Senior Long-term Debt | 1 | Aa1 | 2 of 21 | Senior Long-term Debt | 2 | A1 ;; DBRS | ǂ | Legacy Senior Long-term Debt | 1 | AA (high) | 2 of 23 | Senior Long-term Debt | 2 | AA",
Royal Bank of Canada,senior_legacy,2025-12-02,2025-12-03,AA-,Aa1,AA (high),https://www.sec.gov/Archives/edgar/data/1000275/000119312525305927/d95203dex1.htm,"S&P Global Ratings | ǂ | Legacy Senior Long-term Debt | 1 | AA- | 4 of 22 | Senior Long-term Debt | 2 | A ;; Moody’s Investors Service, Inc. | ǂ | Legacy Senior Long-term Debt | 1 | Aa1 | 2 of 21 | Senior Long-term Debt | 2 | A1 ;; DBRS | ǂ | Legacy Senior Long-term Debt | 1 | AA (high) | 2 of 22 | Senior Long-term Debt | 2 | AA",
Royal Bank of Canada,senior_bail_in,2025-12-02,2025-12-03,A,A1,AA,https://www.sec.gov/Archives/edgar/data/1000275/000119312525305927/d95203dex1.htm,"S&P Global Ratings | ǂ | Legacy Senior Long-term Debt | 1 | AA- | 4 of 22 | Senior Long-term Debt | 2 | A ;; Moody’s Investors Service, Inc. | ǂ | Legacy Senior Long-term Debt | 1 | Aa1 | 2 of 21 | Senior Long-term Debt | 2 | A1 ;; DBRS | ǂ | Legacy Senior Long-term Debt | 1 | AA (high) | 2 of 22 | Senior Long-term Debt | 2 | AA",
Toronto-Dominion Bank,senior_legacy,2021-10-31,2021-12-02,AA-,Aa2,AA (high),https://www.sec.gov/Archives/edgar/data/947263/000119312521346760/d206742dex991.htm,Standard & Poor’s | Legacy Senior Debt | 1 | AA- | 4 of 22 | Senior Debt | 2 | A ;; Moody’s Investor Service | Legacy Senior Debt | 1 | Aa2 | 3 of 21 | Senior Debt | 2 | A1 ;; DBRS | Legacy Senior Debt | 1 | AA (high) | 2 of 26 | Senior Debt | 2 | AA,
Toronto-Dominion Bank,senior_bail_in,2021-10-31,2021-12-02,A,A1,AA,https://www.sec.gov/Archives/edgar/data/947263/000119312521346760/d206742dex991.htm,Standard & Poor’s | Legacy Senior Debt | 1 | AA- | 4 of 22 | Senior Debt | 2 | A ;; Moody’s Investor Service | Legacy Senior Debt | 1 | Aa2 | 3 of 21 | Senior Debt | 2 | A1 ;; DBRS | Legacy Senior Debt | 1 | AA (high) | 2 of 26 | Senior Debt | 2 | AA,
Toronto-Dominion Bank,senior_legacy,2022-10-31,2022-12-01,AA-,Aa2,AA (high),https://www.sec.gov/Archives/edgar/data/947263/000119312522296446/d404924dex991.htm,Standard & Poor’s | Legacy Senior Debt | 1 | AA- | 4 of 22 | Senior Debt | 2 | A ;; Moody’s Investor Service | Legacy Senior Debt | 1 | Aa2 | 3 of 21 | Senior Debt | 2 | A1 ;; DBRS Morningstar | Legacy Senior Debt | 1 | AA (high) | 2 of 26 | Senior Debt | 2 | AA,
Toronto-Dominion Bank,senior_bail_in,2022-10-31,2022-12-01,A,A1,AA,https://www.sec.gov/Archives/edgar/data/947263/000119312522296446/d404924dex991.htm,Standard & Poor’s | Legacy Senior Debt | 1 | AA- | 4 of 22 | Senior Debt | 2 | A ;; Moody’s Investor Service | Legacy Senior Debt | 1 | Aa2 | 3 of 21 | Senior Debt | 2 | A1 ;; DBRS Morningstar | Legacy Senior Debt | 1 | AA (high) | 2 of 26 | Senior Debt | 2 | AA,
Toronto-Dominion Bank,senior_legacy,2023-10-31,2023-11-30,AA-,Aa2,AA (high),https://www.sec.gov/Archives/edgar/data/947263/000119312523286395/d553441dex991.htm,Standard & Poor’s | Legacy Senior Debt | 1 | AA- | 4 of 22 | Senior Debt | 2 | A ;; Moody’s Investor Service | Legacy Senior Debt | 1 | Aa2 | 3 of 21 | Senior Debt | 2 | A1 ;; DBRS Morningstar | Legacy Senior Debt | 1 | AA (high) | 2 of 23 | Senior Debt | 2 | AA,
Toronto-Dominion Bank,senior_bail_in,2023-10-31,2023-11-30,A,A1,AA,https://www.sec.gov/Archives/edgar/data/947263/000119312523286395/d553441dex991.htm,Standard & Poor’s | Legacy Senior Debt | 1 | AA- | 4 of 22 | Senior Debt | 2 | A ;; Moody’s Investor Service | Legacy Senior Debt | 1 | Aa2 | 3 of 21 | Senior Debt | 2 | A1 ;; DBRS Morningstar | Legacy Senior Debt | 1 | AA (high) | 2 of 23 | Senior Debt | 2 | AA,
Toronto-Dominion Bank,senior_legacy,2024-10-31,2024-12-06,A+,Aa3,AA (high),https://www.sec.gov/Archives/edgar/data/947263/000156276224000281/ex992.htm,Legacy Senior Debt | 3 | Aa3 | A+ | AA | AA (high),"file is the Annual Report MD&A (ex99.2), not the AIF; ratings taken from MD&A TABLE 51: CREDIT RATINGS, as at fiscal year-end"
Toronto-Dominion Bank,senior_bail_in,2024-10-31,2024-12-06,A-,A2,AA,https://www.sec.gov/Archives/edgar/data/947263/000156276224000281/ex992.htm,Senior Debt | 4 | A2 | A- | AA- | AA,"file is the Annual Report MD&A (ex99.2), not the AIF; ratings taken from MD&A TABLE 51: CREDIT RATINGS, as at fiscal year-end"
Toronto-Dominion Bank,senior_legacy,2025-10-31,2025-12-04,A+,Aa2,AA,https://www.sec.gov/Archives/edgar/data/947263/000156276225000289/ex992.htm,Legacy Senior Debt | 3 | Aa2 | A+ | AA | AA,"file is the Annual Report MD&A (ex99.2), not the AIF; ratings taken from MD&A TABLE 51: CREDIT RATINGS, as at fiscal year-end"
Toronto-Dominion Bank,senior_bail_in,2025-10-31,2025-12-04,A-,A2,AA (low),https://www.sec.gov/Archives/edgar/data/947263/000156276225000289/ex992.htm,Senior Debt | 4 | A2 | A- | AA- | AA (low),"file is the Annual Report MD&A (ex99.2), not the AIF; ratings taken from MD&A TABLE 51: CREDIT RATINGS, as at fiscal year-end"
