issuer,seniority,as_of_date,filed,sp,moodys,dbrs,source,quote,notes
TransCanada PipeLines,,,2021-02-18,BBB+,Baa1,A (low),https://www.sec.gov/Archives/edgar/data/1232384/000123238421000018/a12312020tceaifenglish.htm,TCPL - Senior unsecured debt | Baa1 | BBB+ | A- | A (low),TCPL senior unsecured debt row of ratings table (columns Moody's | S&P | Fitch | DBRS); table described as 'current credit ratings' with no explicit as-of date stated
TransCanada PipeLines,,,2022-02-15,BBB+,Baa1,A (low),https://www.sec.gov/Archives/edgar/data/1232384/000123238422000014/a12312021tceaifenglish.htm,TCPL - Senior unsecured debt | Baa1 | BBB+ | A- | A (low),TCPL senior unsecured debt row of ratings table (columns Moody's | S&P | Fitch | DBRS); table described as 'current credit ratings' with no explicit as-of date stated
TransCanada PipeLines,,,2023-02-14,BBB+,Baa1,A (low),https://www.sec.gov/Archives/edgar/data/1232384/000123238423000021/a12312022tceaifenglish.htm,TCPL - Senior unsecured debt | Baa1 | BBB+ | A- | A (low),TCPL senior unsecured debt row of ratings table (columns Moody's | S&P | Fitch | DBRS); table described as 'current credit ratings' with no explicit as-of date stated
TransCanada PipeLines,,,2024-02-16,BBB+,Baa2,BBB (high),https://www.sec.gov/Archives/edgar/data/1232384/000123238424000015/a12312023tceaifenglish.htm,TCPL - Senior unsecured debt | Baa2 | BBB+ | BBB+ | BBB (high),TCPL senior unsecured debt row of ratings table (columns Moody's | S&P | Fitch | DBRS); table described as 'current credit ratings' with no explicit as-of date stated
TransCanada PipeLines,,,2025-02-14,BBB+,Baa2,BBB (high),https://www.sec.gov/Archives/edgar/data/1232384/000123238425000018/a12312024tceaifenglish.htm,TCPL - Senior unsecured debt | Baa2 | BBB+ | BBB+ | BBB (high),TCPL senior unsecured debt row of ratings table (columns Moody's | S&P | Fitch | DBRS); table described as 'current credit ratings' with no explicit as-of date stated
TransCanada PipeLines,,,2026-02-13,BBB+,Baa2,BBB (high),https://www.sec.gov/Archives/edgar/data/1232384/000123238426000015/a12312025tceaifenglish.htm,TCPL - Senior unsecured debt | Baa2 | BBB+ | BBB+ | BBB (high),TCPL senior unsecured debt row of ratings table (columns Moody's | S&P | Fitch | DBRS); table described as 'current credit ratings' with no explicit as-of date stated
Pembina Pipeline,,,2021-02-25,BBB,,BBB,https://www.sec.gov/Archives/edgar/data/1546066/000162828021003332/aifppcq42020.htm,S&P has confirmed a rating of 'BBB' to each issued senior unsecured note ;; DBRS has confirmed a debt rating of 'BBB' to each issued senior unsecured note,Not rated by Moody's (no Moody's mention in AIF); no explicit as-of date stated for ratings
Pembina Pipeline,,,2022-02-25,BBB,,BBB (high),https://www.sec.gov/Archives/edgar/data/1546066/000162828022003875/aifppcq42021.htm,S&P has confirmed a rating of 'BBB' to each issued senior unsecured note ;; DBRS has confirmed a debt rating of 'BBB (high)' to each issued senior unsecured note,Not rated by Moody's (no Moody's mention in AIF); no explicit as-of date stated for ratings
Pembina Pipeline,,2021-04-28,2022-02-25,,,BBB (high),https://www.sec.gov/Archives/edgar/data/1546066/000162828022003875/aifppcq42021.htm,Apr 28 | DBRS upgraded its rating to 'BBB (high)' in respect of Pembina's Medium Term Notes ;; Developments in 2021,rating action; DBRS upgrade of senior unsecured MTNs; year 2021 from 'Developments in 2021' heading
Pembina Pipeline,,,2023-02-23,BBB,,BBB (high),https://www.sec.gov/Archives/edgar/data/1546066/000162828023004885/aifppcq42022.htm,S&P has assigned a rating of 'BBB' to each issued senior unsecured note ;; DBRS has assigned a debt rating of 'BBB (high)' to each issued senior unsecured note,Not rated by Moody's (no Moody's mention in AIF); no explicit as-of date stated for ratings
Pembina Pipeline,,2021-04-28,2023-02-23,,,BBB (high),https://www.sec.gov/Archives/edgar/data/1546066/000162828023004885/aifppcq42022.htm,Apr 28 | DBRS upgraded its rating to 'BBB (high)' in respect of Pembina's Medium Term Notes ;; Developments in 2021,rating action; DBRS upgrade of senior unsecured MTNs; year 2021 from 'Developments in 2021' heading
Pembina Pipeline,,,2024-02-23,BBB,,BBB (high),https://www.sec.gov/Archives/edgar/data/1546066/000162828024006460/aifppcq42023.htm,S&P has assigned a rating of 'BBB' to each issued senior unsecured note ;; DBRS has assigned a debt rating of 'BBB (high)' to each issued senior unsecured note,Not rated by Moody's (no Moody's mention in AIF); no explicit as-of date stated for ratings
Pembina Pipeline,,2021-04-28,2024-02-23,,,BBB (high),https://www.sec.gov/Archives/edgar/data/1546066/000162828024006460/aifppcq42023.htm,Apr 28 | DBRS upgraded its rating to 'BBB (high)' in respect of Pembina's Medium Term Notes ;; Developments in 2021,rating action; DBRS upgrade of senior unsecured MTNs; year 2021 from 'Developments in 2021' heading
Pembina Pipeline,,,2025-02-27,BBB,,BBB (high),https://www.sec.gov/Archives/edgar/data/1546066/000154606625000007/aifppcq42024.htm,S&P has assigned a rating of 'BBB' to each issued senior unsecured note ;; DBRS has assigned a debt rating of 'BBB (high)' to each issued senior unsecured note,Not rated by Moody's (no Moody's mention in AIF); no explicit as-of date stated for ratings
Pembina Pipeline,,,2026-02-27,BBB,,BBB (high),https://www.sec.gov/Archives/edgar/data/1546066/000154606626000014/aifppcq42025.htm,S&P has assigned a rating of 'BBB' to each issued senior unsecured note ;; DBRS has assigned a debt rating of 'BBB (high)' to each issued senior unsecured note,Not rated by Moody's (no Moody's mention in AIF); no explicit as-of date stated for ratings
Fortis Inc,,2021-02-11,2021-02-12,BBB+,Baa3,BBB (high),https://www.sec.gov/Archives/edgar/data/1666175/000166617521000007/a2020annual-991aif.htm,"Unsecured Debt | (1)(2) | BBB (high), Positive | BBB+, Negative | Baa3, Stable ;; as at February 11, 2021",Fortis Inc. unsecured debt row; table columns DBRS Morningstar | S&P | Moody's
Fortis Inc,,2022-02-10,2022-02-11,BBB+,Baa3,A (low),https://www.sec.gov/Archives/edgar/data/1666175/000166617522000019/a2021annual-991aif.htm,"Fortis | Unsecured Debt | A (low), Stable | BBB+, Stable | Baa3, Stable ;; as at February 10, 2022",Fortis Inc. unsecured debt row; table columns DBRS Morningstar | S&P | Moody's
Fortis Inc,,2023-02-09,2023-02-10,BBB+,Baa3,A (low),https://www.sec.gov/Archives/edgar/data/1666175/000166617523000014/a2022annual-991aif.htm,"Fortis | Unsecured Debt | A (low), Stable | BBB+, Stable | Baa3, Stable ;; as at February 9, 2023",Fortis Inc. unsecured debt row; table columns DBRS Morningstar | S&P | Moody's
Fortis Inc,,2024-02-08,2024-02-09,BBB+,Baa3,A (low),https://www.sec.gov/Archives/edgar/data/1666175/000166617524000020/a2023annual-991aif.htm,"Fortis | Unsecured Debt | A (low), Stable | BBB+ | Baa3 ;; as at February 8, 2024",Fortis Inc. unsecured debt row; table columns DBRS Morningstar | S&P | Moody's
Fortis Inc,,2025-02-13,2025-02-14,BBB+,Baa3,A (low),https://www.sec.gov/Archives/edgar/data/1666175/000166617525000017/a2024annual-991aif.htm,"Fortis | Unsecured Debt | A (low), Stable | BBB+ | Baa3 ;; as at February 13, 2025",Fortis Inc. unsecured debt row; table columns DBRS Morningstar | S&P | Moody's
Fortis Inc,,2026-02-11,2026-02-12,BBB+,WR,A (low),https://www.sec.gov/Archives/edgar/data/1666175/000166617526000013/a2025annual-991aif.htm,"Fortis | Unsecured Debt | BBB+ | BBB+ | A (low), Stable | ___ | (1) ;; as at February 11, 2026 ;; In January 2026, Moody's withdrew its ratings for Fortis at the Corporation's request.",Fortis Inc. unsecured debt row; 2026 table columns S&P | Fitch | Morningstar DBRS | Moody's; Moody's blank because Moody's withdrew Fortis ratings in January 2026 at the Corporation's request
Fortis Inc,,2021-05-01,2022-02-11,,,A (low),https://www.sec.gov/Archives/edgar/data/1666175/000166617522000019/a2021annual-991aif.htm,"In May 2021, DBRS upgraded the Corporation's unsecured debt and preferred shares credit ratings to A (low) from BBB (high)","rating action; source gives month only (May 2021) - day set to 01, not stated"
Fortis Inc,,2026-01-01,2026-02-12,,WR,,https://www.sec.gov/Archives/edgar/data/1666175/000166617526000013/a2025annual-991aif.htm,"In January 2026, Moody's withdrew its ratings for Fortis at the Corporation's request.","rating action; Moody's ratings withdrawn (no new rating); source gives month only (January 2026) - day set to 01, not stated"
Enbridge Inc,,2020-07-23,2021-02-12,,,BBB (high),https://www.sec.gov/Archives/edgar/data/895728/000089572821000010/enb-20201231.htm,"On July 23, 2020, DBRS Limited affirmed our issuer rating and medium-term notes and unsecured debentures rating of BBB (high)",rating action; affirmation (not a change); 10-K has no ratings table
Enbridge Inc,,2020-12-22,2021-02-12,,Baa2,,https://www.sec.gov/Archives/edgar/data/895728/000089572821000010/enb-20201231.htm,"On December 22, 2020, Moody’s Investor Services, Inc. affirmed our issuer and senior unsecured ratings of Baa2",rating action; affirmation (not a change); 10-K has no ratings table
Enbridge Inc,,2020-12-01,2021-02-12,BBB+,,,https://www.sec.gov/Archives/edgar/data/895728/000089572821000010/enb-20201231.htm,"On December 1, 2020, Standard & Poor’s Rating Services (S&P) affirmed our corporate credit rating and senior unsecured debt rating of BBB+",rating action; affirmation (not a change); 10-K has no ratings table
Enbridge Inc,,2021-06-01,2022-02-11,,Baa1,,https://www.sec.gov/Archives/edgar/data/895728/000089572822000011/enb-20211231.htm,"On June 1, 2021, Moody's Investors Service (Moody's) upgraded the credit ratings of Enbridge Inc., including our senior unsecured and issuer ratings, to Baa1 from Baa2.",rating action; Moody's upgrade; 10-K has no ratings table
Enbridge Inc,,,2023-02-10,,,,https://www.sec.gov/Archives/edgar/data/895728/000089572823000008/enb-20221231.htm,"In 2022, our credit ratings with DBRS Morningstar, Fitch Ratings, Moody's Investor Services, Inc. and Standard & Poor's were all affirmed.",10-K states all 2022 ratings were affirmed but discloses no rating levels and no ratings table; values blank
Enbridge Inc,,,2024-02-09,,,,https://www.sec.gov/Archives/edgar/data/895728/000089572824000007/enb-20231231.htm,"In 2023, our credit ratings with DBRS Morningstar, Fitch Ratings, Moody's Investor Services, Inc. and Standard & Poor's were all affirmed.",10-K states all 2023 ratings were affirmed but discloses no rating levels and no ratings table; values blank
Enbridge Inc,,2024-03-29,2025-02-14,,Baa2,,https://www.sec.gov/Archives/edgar/data/895728/000089572825000006/enb-20241231.htm,"On March 29, 2024, Moody's Investor Service (Moody's) downgraded Enbridge's credit ratings for our senior unsecured debt ratings to Baa2 from Baa1.",rating action; Moody's downgrade; 10-K has no ratings table
Enbridge Inc,,2024-06-28,2025-02-14,,,A (low),https://www.sec.gov/Archives/edgar/data/895728/000089572825000006/enb-20241231.htm,"On June 28, 2024, Morningstar DBRS (DBRS) upgraded Enbridge's credit ratings for our senior unsecured debt ratings to A (low) from BBB (high).",rating action; DBRS upgrade; 10-K has no ratings table (S&P only revised outlook in June 2024)
Enbridge Inc,,,2026-02-13,,,,https://www.sec.gov/Archives/edgar/data/895728/000119312526049810/enb-20251231.htm,,no ratings disclosed (10-K contains no ratings table or rating action disclosure)
Brookfield Infrastructure Finance,,,2021-03-18,,,,https://www.sec.gov/Archives/edgar/data/1406234/000162828021005114/bip-20201231.htm,,no ratings disclosed (20-F mentions credit ratings only generically in risk factors)
Brookfield Infrastructure Finance,,,2022-03-09,,,,https://www.sec.gov/Archives/edgar/data/1406234/000162828022005592/bip-20211231.htm,,no ratings disclosed (20-F mentions credit ratings only generically in risk factors)
Brookfield Infrastructure Finance,,,2023-03-17,,,,https://www.sec.gov/Archives/edgar/data/1406234/000162828023008523/bip-20221231.htm,,no ratings disclosed (20-F mentions credit ratings only generically in risk factors)
Brookfield Infrastructure Finance,,,2024-03-18,,,,https://www.sec.gov/Archives/edgar/data/1406234/000162828024011576/bip-20231231.htm,,no ratings disclosed (20-F mentions credit ratings only generically in risk factors)
Brookfield Infrastructure Finance,,,2025-03-24,,,,https://www.sec.gov/Archives/edgar/data/1406234/000162828025014380/bip-20241231.htm,,no ratings disclosed (20-F mentions credit ratings only generically in risk factors)
Brookfield Infrastructure Finance,,,2026-03-17,,,,https://www.sec.gov/Archives/edgar/data/1406234/000140623426000002/bip-20251231.htm,,no ratings disclosed (20-F mentions credit ratings only generically in risk factors)
